city,type,value
七台河,AQI,49.92
七台河,CO,0.32
七台河,NO2,35.91
七台河,O3,46.0
七台河,PM10,55.87
七台河,PM2.5,19.82
七台河,SO2,8.35
三亚,AQI,27.54
三亚,CO,0.4
三亚,NO2,9.46
三亚,O3,43.04
三亚,PM10,27.38
三亚,PM2.5,14.0
三亚,SO2,3.17
三明,AQI,37.79
三明,CO,1.55
三明,NO2,30.29
三明,O3,24.08
三明,PM10,37.0
三明,PM2.5,21.25
三明,SO2,16.25
三门峡,AQI,90.46
三门峡,CO,0.97
三门峡,NO2,27.71
三门峡,O3,26.88
三门峡,PM10,114.96
三门峡,PM2.5,54.33
三门峡,SO2,10.29
上海,AQI,27.25
上海,CO,0.42
上海,NO2,29.58
上海,O3,54.33
上海,PM10,22.58
上海,PM2.5,11.21
上海,SO2,4.67
上饶,AQI,28.0
上饶,CO,0.8
上饶,NO2,29.08
上饶,O3,8.92
上饶,PM10,27.71
上饶,PM2.5,15.79
上饶,SO2,9.54
东莞,AQI,63.83
东莞,CO,0.85
东莞,NO2,42.5
东莞,O3,51.38
东莞,PM10,64.67
东莞,PM2.5,45.92
东莞,SO2,10.08
东营,AQI,65.21
东营,CO,0.5
东营,NO2,28.58
东营,O3,34.12
东营,PM10,75.38
东营,PM2.5,37.5
东营,SO2,7.12
中卫,AQI,33.96
中卫,CO,0.42
中卫,NO2,9.38
中卫,O3,65.17
中卫,PM10,34.04
中卫,PM2.5,13.33
中卫,SO2,10.17
中山,AQI,41.67
中山,CO,0.86
中山,NO2,39.88
中山,O3,33.58
中山,PM10,42.58
中山,PM2.5,23.92
中山,SO2,4.38
临夏州,AQI,41.88
临夏州,CO,0.74
临夏州,NO2,10.08
临夏州,O3,56.04
临夏州,PM10,42.75
临夏州,PM2.5,19.62
临夏州,SO2,36.25
临安,AQI,75.08
临安,CO,0.54
临安,NO2,16.33
临安,O3,15.83
临安,PM10,94.96
临安,PM2.5,48.96
临安,SO2,3.25
临汾,AQI,69.96
临汾,CO,0.78
临汾,NO2,20.21
临汾,O3,49.08
临汾,PM10,84.17
临汾,PM2.5,35.04
临汾,SO2,15.62
临沂,AQI,70.79
临沂,CO,0.74
临沂,NO2,35.0
临沂,O3,29.71
临沂,PM10,83.71
临沂,PM2.5,45.21
临沂,SO2,7.71
临沧,AQI,40.21
临沧,CO,0.85
临沧,NO2,18.21
临沧,O3,36.71
临沧,PM10,41.21
临沧,PM2.5,19.79
临沧,SO2,15.04
丹东,AQI,42.46
丹东,CO,0.59
丹东,NO2,18.33
丹东,O3,37.42
丹东,PM10,43.71
丹东,PM2.5,22.38
丹东,SO2,20.58
丽水,AQI,22.79
丽水,CO,0.63
丽水,NO2,24.71
丽水,O3,17.04
丽水,PM10,20.54
丽水,PM2.5,12.33
丽水,SO2,6.21
丽江,AQI,32.5
丽江,CO,0.62
丽江,NO2,13.38
丽江,O3,60.83
丽江,PM10,32.58
丽江,PM2.5,14.29
丽江,SO2,8.46
义乌,AQI,22.67
义乌,CO,0.52
义乌,NO2,31.21
义乌,O3,37.86
义乌,PM2.5,19.0
义乌,SO2,2.6
乌兰察布,AQI,21.5
乌兰察布,CO,0.23
乌兰察布,NO2,7.17
乌兰察布,O3,59.04
乌兰察布,PM10,19.33
乌兰察布,PM2.5,9.33
乌兰察布,SO2,18.54
乌海,AQI,40.71
乌海,CO,0.56
乌海,NO2,8.92
乌海,O3,64.08
乌海,PM10,40.79
乌海,PM2.5,14.62
乌海,SO2,8.0
乌鲁木齐,AQI,106.46
乌鲁木齐,CO,1.58
乌鲁木齐,NO2,61.58
乌鲁木齐,O3,17.58
乌鲁木齐,PM10,99.83
乌鲁木齐,PM2.5,79.88
乌鲁木齐,SO2,9.25
乐山,AQI,54.42
乐山,CO,0.77
乐山,NO2,27.17
乐山,O3,10.29
乐山,PM10,61.71
乐山,PM2.5,27.75
乐山,SO2,4.92
九江,AQI,11.83
九江,CO,0.58
九江,NO2,18.12
九江,O3,28.42
九江,PM10,9.12
九江,PM2.5,4.88
九江,SO2,6.79
乳山,AQI,38.79
乳山,CO,1.09
乳山,NO2,20.83
乳山,O3,47.67
乳山,PM10,40.17
乳山,PM2.5,17.33
乳山,SO2,5.75
云浮,AQI,43.21
云浮,CO,0.7
云浮,NO2,27.21
云浮,O3,40.33
云浮,PM10,43.42
云浮,PM2.5,25.71
云浮,SO2,7.12
五家渠,AQI,175.38
五家渠,CO,1.72
五家渠,NO2,59.75
五家渠,O3,14.0
五家渠,PM10,243.62
五家渠,PM2.5,127.58
五家渠,SO2,13.46
亳州,AQI,57.96
亳州,CO,0.65
亳州,NO2,25.21
亳州,O3,28.92
亳州,PM10,71.08
亳州,PM2.5,39.54
亳州,SO2,4.71
伊春,AQI,34.92
伊春,CO,0.28
伊春,NO2,8.38
伊春,O3,41.12
伊春,PM10,33.62
伊春,PM2.5,19.83
伊春,SO2,5.46
伊犁哈萨克州,AQI,200.83
伊犁哈萨克州,CO,4.8
伊犁哈萨克州,NO2,68.79
伊犁哈萨克州,O3,14.92
伊犁哈萨克州,PM10,187.42
伊犁哈萨克州,PM2.5,156.42
伊犁哈萨克州,SO2,41.83
佛山,AQI,56.46
佛山,CO,0.72
佛山,NO2,47.42
佛山,O3,46.5
佛山,PM10,63.12
佛山,PM2.5,32.33
佛山,SO2,8.38
佳木斯,AQI,31.67
佳木斯,CO,0.29
佳木斯,NO2,11.25
佳木斯,O3,41.71
佳木斯,PM10,31.58
佳木斯,PM2.5,17.88
佳木斯,SO2,6.58
保定,AQI,81.46
保定,CO,0.87
保定,NO2,30.08
保定,O3,29.25
保定,PM10,102.54
保定,PM2.5,55.67
保定,SO2,6.75
保山,AQI,31.83
保山,CO,0.53
保山,NO2,20.42
保山,O3,47.96
保山,PM10,32.79
保山,PM2.5,17.46
保山,SO2,5.67
信阳,AQI,64.46
信阳,CO,0.67
信阳,NO2,31.17
信阳,O3,24.33
信阳,PM10,69.58
信阳,PM2.5,45.46
信阳,SO2,4.46
克州,AQI,178.88
克州,CO,1.0
克州,NO2,10.68
克州,O3,42.09
克州,PM10,298.5
克州,PM2.5,64.25
克州,SO2,5.83
克拉玛依,AQI,58.46
克拉玛依,CO,0.94
克拉玛依,NO2,24.17
克拉玛依,O3,34.12
克拉玛依,PM10,65.08
克拉玛依,PM2.5,29.33
克拉玛依,SO2,5.04
六安,AQI,31.42
六安,CO,0.36
六安,NO2,29.04
六安,O3,42.54
六安,PM10,30.92
六安,PM2.5,21.46
六安,SO2,6.0
六盘水,AQI,52.83
六盘水,CO,0.96
六盘水,NO2,23.88
六盘水,O3,38.75
六盘水,PM10,57.46
六盘水,PM2.5,35.0
六盘水,SO2,18.67
兰州,AQI,73.92
兰州,CO,0.6
兰州,NO2,25.5
兰州,O3,48.71
兰州,PM10,97.38
兰州,PM2.5,31.04
兰州,SO2,14.17
兴安盟,AQI,25.88
兴安盟,CO,0.27
兴安盟,NO2,5.38
兴安盟,O3,57.25
兴安盟,PM10,24.17
兴安盟,PM2.5,16.62
兴安盟,SO2,4.12
内江,AQI,46.0
内江,CO,0.66
内江,NO2,19.58
内江,O3,26.17
内江,PM10,50.46
内江,PM2.5,22.29
内江,SO2,6.0
凉山州,AQI,46.17
凉山州,CO,0.93
凉山州,NO2,33.08
凉山州,O3,32.75
凉山州,PM10,47.38
凉山州,PM2.5,26.79
凉山州,SO2,14.75
包头,AQI,35.54
包头,CO,0.47
包头,NO2,13.88
包头,O3,49.21
包头,PM10,36.25
包头,PM2.5,8.25
包头,SO2,10.62
北京,AQI,36.71
北京,CO,0.38
北京,NO2,16.75
北京,O3,45.46
北京,PM10,40.42
北京,PM2.5,10.08
北京,SO2,3.29
北海,AQI,38.29
北海,CO,0.83
北海,NO2,10.38
北海,O3,70.04
北海,PM10,38.29
北海,PM2.5,19.46
北海,SO2,7.33
十堰,AQI,81.21
十堰,CO,0.8
十堰,NO2,26.17
十堰,O3,16.04
十堰,PM10,111.88
十堰,PM2.5,39.71
十堰,SO2,10.33
南京,AQI,32.08
南京,CO,0.43
南京,NO2,23.79
南京,O3,43.5
南京,PM10,32.04
南京,PM2.5,16.62
南京,SO2,4.83
南充,AQI,62.0
南充,CO,0.54
南充,NO2,17.75
南充,O3,53.75
南充,PM10,77.88
南充,PM2.5,38.25
南充,SO2,6.04
南宁,AQI,49.92
南宁,CO,1.03
南宁,NO2,30.5
南宁,O3,25.17
南宁,PM10,54.58
南宁,PM2.5,32.38
南宁,SO2,8.42
南平,AQI,23.29
南平,CO,0.76
南平,NO2,15.29
南平,O3,40.79
南平,PM10,22.12
南平,PM2.5,13.58
南平,SO2,8.54
南昌,AQI,12.96
南昌,CO,0.73
南昌,NO2,21.42
南昌,O3,17.33
南昌,PM10,12.29
南昌,PM2.5,7.38
南昌,SO2,3.67
南通,AQI,37.5
南通,CO,0.49
南通,NO2,13.92
南通,O3,58.92
南通,PM10,33.17
南通,PM2.5,20.75
南通,SO2,12.92
南阳,AQI,87.25
南阳,CO,0.96
南阳,NO2,37.12
南阳,O3,22.58
南阳,PM10,107.46
南阳,PM2.5,60.58
南阳,SO2,5.71
博州,AQI,81.62
博州,CO,1.06
博州,NO2,19.42
博州,O3,38.12
博州,PM10,112.79
博州,PM2.5,41.12
博州,SO2,7.88
即墨,AQI,50.67
即墨,CO,0.61
即墨,NO2,23.88
即墨,O3,35.33
即墨,PM10,49.92
即墨,PM2.5,34.62
即墨,SO2,5.5
厦门,AQI,44.79
厦门,CO,0.75
厦门,NO2,35.5
厦门,O3,42.08
厦门,PM10,48.12
厦门,PM2.5,25.17
厦门,SO2,9.0
双鸭山,AQI,46.17
双鸭山,CO,0.55
双鸭山,NO2,18.88
双鸭山,O3,38.71
双鸭山,PM10,49.12
双鸭山,PM2.5,26.75
双鸭山,SO2,11.25
句容,AQI,41.54
句容,CO,0.65
句容,NO2,25.17
句容,O3,50.67
句容,PM10,39.92
句容,PM2.5,25.75
句容,SO2,4.0
台州,AQI,26.75
台州,CO,0.4
台州,NO2,25.0
台州,O3,28.83
台州,PM10,26.42
台州,PM2.5,11.67
台州,SO2,5.17
合肥,AQI,28.17
合肥,CO,0.47
合肥,NO2,25.17
合肥,O3,35.96
合肥,PM10,25.12
合肥,PM2.5,17.83
合肥,SO2,3.33
吉安,AQI,33.67
吉安,CO,0.66
吉安,NO2,24.79
吉安,O3,14.08
吉安,PM10,33.79
吉安,PM2.5,16.96
吉安,SO2,12.67
吉林,AQI,60.79
吉林,CO,0.77
吉林,NO2,26.38
吉林,O3,36.83
吉林,PM10,62.17
吉林,PM2.5,42.29
吉林,SO2,16.29
吐鲁番地区,AQI,104.42
吐鲁番地区,CO,2.53
吐鲁番地区,NO2,39.46
吐鲁番地区,O3,28.12
吐鲁番地区,PM10,158.29
吐鲁番地区,PM2.5,54.46
吐鲁番地区,SO2,12.29
吕梁,AQI,50.92
吕梁,CO,0.86
吕梁,NO2,10.21
吕梁,O3,63.71
吕梁,PM10,52.67
吕梁,PM2.5,9.42
吕梁,SO2,8.79
吴忠,AQI,47.17
吴忠,CO,0.33
吴忠,NO2,8.25
吴忠,O3,59.17
吴忠,PM10,51.92
吴忠,PM2.5,9.33
吴忠,SO2,4.33
吴江,AQI,29.54
吴江,CO,0.98
吴江,NO2,32.33
吴江,O3,49.54
吴江,PM10,23.58
吴江,PM2.5,17.12
吴江,SO2,5.62
周口,AQI,85.12
周口,CO,0.92
周口,NO2,24.42
周口,O3,23.92
周口,PM10,86.68
周口,PM2.5,62.5
周口,SO2,7.83
呼伦贝尔,AQI,32.29
呼伦贝尔,CO,0.34
呼伦贝尔,NO2,10.04
呼伦贝尔,O3,47.73
呼伦贝尔,PM10,30.86
呼伦贝尔,PM2.5,22.0
呼伦贝尔,SO2,2.78
呼和浩特,AQI,32.46
呼和浩特,CO,0.7
呼和浩特,NO2,15.29
呼和浩特,O3,48.25
呼和浩特,PM10,32.92
呼和浩特,PM2.5,8.21
呼和浩特,SO2,13.33
和田地区,AQI,473.71
和田地区,CO,0.9
和田地区,NO2,26.0
和田地区,O3,35.96
和田地区,PM10,580.04
和田地区,PM2.5,96.12
和田地区,SO2,16.54
咸宁,AQI,18.79
咸宁,CO,0.68
咸宁,NO2,25.71
咸宁,O3,16.25
咸宁,PM10,11.6
咸宁,PM2.5,13.17
咸宁,SO2,5.88
咸阳,AQI,128.46
咸阳,CO,1.22
咸阳,NO2,48.0
咸阳,O3,20.75
咸阳,PM10,180.54
咸阳,PM2.5,82.38
咸阳,SO2,10.5
哈密地区,AQI,75.92
哈密地区,CO,1.22
哈密地区,NO2,24.67
哈密地区,O3,27.88
哈密地区,PM10,106.65
哈密地区,PM2.5,28.08
哈密地区,SO2,9.0
哈尔滨,AQI,41.96
哈尔滨,CO,0.68
哈尔滨,NO2,27.58
哈尔滨,O3,33.08
哈尔滨,PM10,42.42
哈尔滨,PM2.5,27.25
哈尔滨,SO2,23.67
唐山,AQI,67.33
唐山,CO,0.62
唐山,NO2,34.96
唐山,O3,30.08
唐山,PM10,84.79
唐山,PM2.5,35.21
唐山,SO2,19.71
商丘,AQI,78.88
商丘,CO,0.59
商丘,NO2,23.29
商丘,O3,30.33
商丘,PM10,90.31
商丘,PM2.5,54.58
商丘,SO2,4.25
商洛,AQI,80.62
商洛,CO,0.6
商洛,NO2,24.33
商洛,O3,30.13
商洛,PM10,110.67
商洛,PM2.5,47.17
商洛,SO2,3.91
喀什地区,AQI,282.33
喀什地区,CO,0.85
喀什地区,NO2,30.0
喀什地区,O3,46.21
喀什地区,PM10,410.29
喀什地区,PM2.5,89.62
喀什地区,SO2,10.75
嘉兴,AQI,23.79
嘉兴,CO,0.47
嘉兴,NO2,21.83
嘉兴,O3,42.33
嘉兴,PM10,23.67
嘉兴,PM2.5,11.79
嘉兴,SO2,3.12
嘉峪关,AQI,35.62
嘉峪关,CO,0.38
嘉峪关,NO2,15.83
嘉峪关,O3,61.33
嘉峪关,PM10,36.21
嘉峪关,PM2.5,19.62
嘉峪关,SO2,4.0
四平,AQI,45.42
四平,CO,0.47
四平,NO2,19.12
四平,O3,34.29
四平,PM10,46.08
四平,PM2.5,23.38
四平,SO2,7.21
固原,AQI,61.71
固原,CO,0.56
固原,NO2,13.17
固原,O3,59.2
固原,PM10,73.04
固原,PM2.5,16.88
固原,SO2,8.08
塔城地区,AQI,36.25
塔城地区,CO,0.65
塔城地区,NO2,9.5
塔城地区,O3,65.41
塔城地区,PM10,38.7
塔城地区,PM2.5,12.54
塔城地区,SO2,3.68
大兴安岭地区,AQI,22.83
大兴安岭地区,CO,0.2
大兴安岭地区,NO2,8.96
大兴安岭地区,O3,54.17
大兴安岭地区,PM10,20.2
大兴安岭地区,PM2.5,16.41
大兴安岭地区,SO2,14.7
大同,AQI,39.75
大同,CO,0.43
大同,NO2,8.88
大同,O3,52.08
大同,PM10,44.58
大同,PM2.5,10.04
大同,SO2,13.92
大庆,AQI,29.54
大庆,CO,0.42
大庆,NO2,20.12
大庆,O3,42.33
大庆,PM10,29.08
大庆,PM2.5,18.33
大庆,SO2,11.67
大理州,AQI,27.92
大理州,CO,0.83
大理州,NO2,17.0
大理州,O3,63.88
大理州,PM10,25.46
大理州,PM2.5,9.33
大理州,SO2,5.17
大连,AQI,33.5
大连,CO,0.53
大连,NO2,17.62
大连,O3,48.0
大连,PM10,33.62
大连,PM2.5,16.92
大连,SO2,8.96
天水,AQI,80.5
天水,CO,0.38
天水,NO2,24.25
天水,O3,53.25
天水,PM10,110.46
天水,PM2.5,31.12
天水,SO2,12.29
天津,AQI,52.29
天津,CO,0.57
天津,NO2,29.96
天津,O3,31.62
天津,PM10,57.38
天津,PM2.5,25.46
天津,SO2,7.12
太仓,AQI,36.29
太仓,CO,0.58
太仓,NO2,23.08
太仓,O3,58.83
太仓,PM10,33.09
太仓,PM2.5,22.71
太仓,SO2,13.08
太原,AQI,75.0
太原,CO,0.44
太原,NO2,18.33
太原,O3,54.92
太原,PM10,99.54
太原,PM2.5,21.38
太原,SO2,7.12
威海,AQI,37.12
威海,CO,0.38
威海,NO2,12.38
威海,O3,55.79
威海,PM10,37.21
威海,PM2.5,14.46
威海,SO2,4.58
娄底,AQI,17.67
娄底,CO,1.35
娄底,NO2,13.54
娄底,O3,24.04
娄底,PM10,14.67
娄底,PM2.5,12.04
娄底,SO2,2.58
孝感,AQI,30.25
孝感,CO,0.86
孝感,NO2,8.12
孝感,O3,31.42
孝感,PM10,31.91
孝感,PM2.5,18.83
孝感,SO2,9.38
宁德,AQI,22.58
宁德,CO,0.66
宁德,NO2,21.25
宁德,O3,31.58
宁德,PM10,20.69
宁德,PM2.5,13.12
宁德,SO2,5.92
宁波,AQI,29.83
宁波,CO,0.5
宁波,NO2,26.67
宁波,O3,44.38
宁波,PM10,29.12
宁波,PM2.5,11.67
宁波,SO2,6.0
安庆,AQI,14.71
安庆,CO,0.32
安庆,NO2,14.58
安庆,O3,39.46
安庆,PM10,8.18
安庆,PM2.5,6.62
安庆,SO2,12.17
安康,AQI,92.04
安康,CO,0.71
安康,NO2,27.38
安康,O3,21.62
安康,PM10,133.75
安康,PM2.5,52.38
安康,SO2,20.58
安阳,AQI,97.79
安阳,CO,1.0
安阳,NO2,39.42
安阳,O3,22.08
安阳,PM10,111.0
安阳,PM2.5,68.46
安阳,SO2,9.62
安顺,AQI,36.92
安顺,CO,0.8
安顺,NO2,19.04
安顺,O3,15.46
安顺,PM10,32.79
安顺,PM2.5,26.17
安顺,SO2,14.25
定西,AQI,73.17
定西,CO,0.32
定西,NO2,14.58
定西,O3,60.21
定西,PM10,95.88
定西,PM2.5,28.96
定西,SO2,12.0
宜兴,AQI,27.08
宜兴,CO,0.78
宜兴,NO2,25.71
宜兴,O3,40.92
宜兴,PM10,17.35
宜兴,PM2.5,18.5
宜兴,SO2,13.71
宜宾,AQI,43.96
宜宾,CO,0.64
宜宾,NO2,28.79
宜宾,O3,15.33
宜宾,PM10,46.33
宜宾,PM2.5,26.25
宜宾,SO2,8.5
宜昌,AQI,53.42
宜昌,CO,0.86
宜昌,NO2,33.21
宜昌,O3,13.46
宜昌,PM10,61.38
宜昌,PM2.5,32.96
宜昌,SO2,9.88
宜春,AQI,24.0
宜春,CO,1.35
宜春,NO2,27.67
宜春,O3,6.75
宜春,PM10,23.96
宜春,PM2.5,13.29
宜春,SO2,13.21
宝鸡,AQI,91.96
宝鸡,CO,0.62
宝鸡,NO2,36.29
宝鸡,O3,33.04
宝鸡,PM10,132.75
宝鸡,PM2.5,49.33
宝鸡,SO2,6.5
宣城,AQI,24.62
宣城,CO,0.27
宣城,NO2,23.75
宣城,O3,65.71
宣城,PM10,16.86
宣城,PM2.5,12.38
宣城,SO2,8.46
宿州,AQI,73.69
宿州,CO,0.62
宿州,NO2,39.44
宿州,O3,30.88
宿州,PM10,103.58
宿州,PM2.5,54.0
宿州,SO2,14.19
宿迁,AQI,52.12
宿迁,CO,0.66
宿迁,NO2,29.33
宿迁,O3,30.54
宿迁,PM10,56.21
宿迁,PM2.5,34.17
宿迁,SO2,4.38
富阳,AQI,19.25
富阳,CO,0.86
富阳,NO2,14.42
富阳,O3,22.88
富阳,PM10,19.0
富阳,PM2.5,10.21
富阳,SO2,1.25
寿光,AQI,72.75
寿光,CO,0.85
寿光,NO2,25.04
寿光,O3,22.58
寿光,PM10,84.46
寿光,PM2.5,43.42
寿光,SO2,10.04
山南,AQI,49.88
山南,CO,0.58
山南,NO2,10.96
山南,O3,62.67
山南,PM10,59.5
山南,PM2.5,11.83
山南,SO2,5.42
岳阳,AQI,20.08
岳阳,CO,0.64
岳阳,NO2,14.96
岳阳,O3,23.54
岳阳,PM10,19.88
岳阳,PM2.5,11.29
岳阳,SO2,7.12
崇左,AQI,52.38
崇左,CO,0.6
崇左,NO2,18.5
崇左,O3,33.08
崇左,PM10,57.0
崇左,PM2.5,26.71
崇左,SO2,9.04
巴中,AQI,59.33
巴中,CO,0.5
巴中,NO2,21.67
巴中,O3,21.5
巴中,PM10,75.25
巴中,PM2.5,29.92
巴中,SO2,3.25
巴彦淖尔,AQI,43.96
巴彦淖尔,CO,0.59
巴彦淖尔,NO2,11.04
巴彦淖尔,O3,51.29
巴彦淖尔,PM10,45.21
巴彦淖尔,PM2.5,20.25
巴彦淖尔,SO2,9.33
常州,AQI,38.12
常州,CO,0.54
常州,NO2,26.75
常州,O3,48.54
常州,PM10,40.38
常州,PM2.5,23.67
常州,SO2,5.25
常德,AQI,45.25
常德,CO,0.72
常德,NO2,20.29
常德,O3,33.79
常德,PM10,52.0
常德,PM2.5,29.62
常德,SO2,4.67
常熟,AQI,38.33
常熟,CO,0.59
常熟,NO2,26.17
常熟,O3,54.58
常熟,PM10,37.62
常熟,PM2.5,21.83
常熟,SO2,12.83
平凉,AQI,68.96
平凉,CO,0.22
平凉,NO2,15.92
平凉,O3,59.79
平凉,PM10,87.04
平凉,PM2.5,32.62
平凉,SO2,8.38
平度,AQI,47.75
平度,CO,0.89
平度,NO2,20.08
平度,O3,41.46
平度,PM10,49.29
平度,PM2.5,31.0
平度,SO2,7.92
平顶山,AQI,102.42
平顶山,CO,0.96
平顶山,NO2,32.67
平顶山,O3,17.62
平顶山,PM10,133.08
平顶山,PM2.5,75.29
平顶山,SO2,16.29
广元,AQI,83.79
广元,CO,0.82
广元,NO2,14.83
广元,O3,43.21
广元,PM10,117.12
广元,PM2.5,39.33
广元,SO2,9.54
广安,AQI,43.08
广安,CO,0.6
广安,NO2,14.92
广安,O3,31.04
广安,PM10,43.96
广安,PM2.5,20.96
广安,SO2,7.08
广州,AQI,57.5
广州,CO,0.81
广州,NO2,52.71
广州,O3,46.67
广州,PM10,64.12
广州,PM2.5,37.79
广州,SO2,8.67
庆阳,AQI,61.88
庆阳,CO,0.65
庆阳,NO2,13.25
庆阳,O3,57.38
庆阳,PM10,77.13
庆阳,PM2.5,24.12
庆阳,SO2,14.12
库尔勒,AQI,87.79
库尔勒,CO,0.59
库尔勒,NO2,23.96
库尔勒,O3,45.33
库尔勒,PM10,125.25
库尔勒,PM2.5,27.54
库尔勒,SO2,5.42
廊坊,AQI,59.67
廊坊,CO,0.63
廊坊,NO2,28.42
廊坊,O3,36.42
廊坊,PM10,71.04
廊坊,PM2.5,25.04
廊坊,SO2,5.96
延安,AQI,69.08
延安,CO,1.33
延安,NO2,38.5
延安,O3,38.83
延安,PM10,86.08
延安,PM2.5,27.29
延安,SO2,21.38
延边州,AQI,39.96
延边州,CO,0.54
延边州,NO2,23.38
延边州,O3,30.58
延边州,PM10,39.17
延边州,PM2.5,23.71
延边州,SO2,17.71
开封,AQI,93.0
开封,CO,1.08
开封,NO2,38.54
开封,O3,18.38
开封,PM10,104.19
开封,PM2.5,67.46
开封,SO2,7.62
张家口,AQI,28.17
张家口,CO,0.36
张家口,NO2,8.33
张家口,O3,63.83
张家口,PM10,27.71
张家口,PM2.5,13.46
张家口,SO2,7.08
张家港,AQI,36.92
张家港,CO,0.64
张家港,NO2,28.88
张家港,O3,46.46
张家港,PM10,36.33
张家港,PM2.5,21.92
张家港,SO2,4.21
张家界,AQI,40.83
张家界,CO,0.57
张家界,NO2,19.62
张家界,O3,28.0
张家界,PM10,46.29
张家界,PM2.5,19.58
张家界,SO2,5.33
张掖,AQI,63.0
张掖,CO,0.58
张掖,NO2,15.92
张掖,O3,43.92
张掖,PM10,70.25
张掖,PM2.5,44.88
张掖,SO2,17.88
徐州,AQI,79.5
徐州,CO,0.7
徐州,NO2,37.62
徐州,O3,21.96
徐州,PM10,91.58
徐州,PM2.5,58.75
徐州,SO2,10.21
德宏州,AQI,62.0
德宏州,CO,0.82
德宏州,NO2,9.92
德宏州,O3,53.08
德宏州,PM10,73.62
德宏州,PM2.5,31.33
德宏州,SO2,21.5
德州,AQI,80.79
德州,CO,0.57
德州,NO2,25.83
德州,O3,30.54
德州,PM10,98.0
德州,PM2.5,42.83
德州,SO2,7.04
德阳,AQI,80.0
德阳,CO,0.51
德阳,NO2,28.75
德阳,O3,26.62
德阳,PM10,109.62
德阳,PM2.5,37.5
德阳,SO2,4.62
忻州,AQI,62.96
忻州,CO,0.62
忻州,NO2,25.25
忻州,O3,40.92
忻州,PM10,70.58
忻州,PM2.5,27.0
忻州,SO2,15.96
怀化,AQI,25.71
怀化,CO,0.61
怀化,NO2,14.38
怀化,O3,35.83
怀化,PM10,26.25
怀化,PM2.5,11.17
怀化,SO2,3.29
怒江州,AQI,65.04
怒江州,CO,0.89
怒江州,NO2,25.71
怒江州,O3,25.25
怒江州,PM10,79.75
怒江州,PM2.5,32.54
怒江州,SO2,15.58
恩施州,AQI,48.25
恩施州,CO,0.88
恩施州,NO2,16.08
恩施州,O3,25.83
恩施州,PM10,55.67
恩施州,PM2.5,21.58
恩施州,SO2,5.75
惠州,AQI,56.96
惠州,CO,0.76
惠州,NO2,30.17
惠州,O3,47.38
惠州,PM10,64.92
惠州,PM2.5,33.29
惠州,SO2,9.04
成都,AQI,80.83
成都,CO,0.69
成都,NO2,42.54
成都,O3,16.29
成都,PM10,111.0
成都,PM2.5,40.38
成都,SO2,7.58
扬州,AQI,39.75
扬州,CO,0.44
扬州,NO2,19.75
扬州,O3,52.62
扬州,PM10,38.96
扬州,PM2.5,24.38
扬州,SO2,3.88
承德,AQI,40.71
承德,CO,0.39
承德,NO2,11.92
承德,O3,53.12
承德,PM10,46.67
承德,PM2.5,17.5
承德,SO2,6.67
抚州,AQI,17.33
抚州,CO,0.68
抚州,NO2,15.25
抚州,O3,18.75
抚州,PM10,17.33
抚州,PM2.5,8.42
抚州,SO2,6.0
抚顺,AQI,50.58
抚顺,CO,0.55
抚顺,NO2,23.29
抚顺,O3,35.29
抚顺,PM10,54.42
抚顺,PM2.5,27.58
抚顺,SO2,13.92
拉萨,AQI,52.92
拉萨,CO,0.7
拉萨,NO2,30.08
拉萨,O3,47.79
拉萨,PM10,62.96
拉萨,PM2.5,22.29
拉萨,SO2,5.25
招远,AQI,38.25
招远,CO,0.55
招远,NO2,24.54
招远,O3,39.42
招远,PM10,39.57
招远,PM2.5,20.96
招远,SO2,9.12
揭阳,AQI,86.08
揭阳,CO,1.22
揭阳,NO2,37.79
揭阳,O3,59.25
揭阳,PM10,89.29
揭阳,PM2.5,63.33
揭阳,SO2,14.29
攀枝花,AQI,52.79
攀枝花,CO,2.22
攀枝花,NO2,52.33
攀枝花,O3,17.79
攀枝花,PM10,57.75
攀枝花,PM2.5,28.62
攀枝花,SO2,29.38
文山州,AQI,40.21
文山州,CO,0.69
文山州,NO2,15.83
文山州,O3,48.04
文山州,PM10,38.17
文山州,PM2.5,23.25
文山州,SO2,10.88
文登,AQI,47.17
文登,CO,0.88
文登,NO2,22.79
文登,O3,53.38
文登,PM10,50.46
文登,PM2.5,13.17
文登,SO2,4.62
新乡,AQI,93.96
新乡,CO,0.96
新乡,NO2,42.58
新乡,O3,17.38
新乡,PM10,112.25
新乡,PM2.5,69.79
新乡,SO2,5.0
新余,AQI,27.25
新余,CO,0.77
新余,NO2,25.83
新余,O3,14.42
新余,PM10,27.21
新余,PM2.5,15.38
新余,SO2,10.67
无锡,AQI,30.04
无锡,CO,0.73
无锡,NO2,27.54
无锡,O3,38.21
无锡,PM10,29.62
无锡,PM2.5,16.54
无锡,SO2,7.42
日喀则,AQI,34.58
日喀则,CO,0.6
日喀则,NO2,7.46
日喀则,O3,73.58
日喀则,PM10,33.67
日喀则,PM2.5,12.46
日喀则,SO2,8.54
日照,AQI,66.88
日照,CO,0.55
日照,NO2,26.38
日照,O3,33.54
日照,PM10,74.0
日照,PM2.5,44.5
日照,SO2,3.46
昆山,AQI,29.38
昆山,CO,0.47
昆山,NO2,20.54
昆山,O3,53.46
昆山,PM10,27.55
昆山,PM2.5,13.96
昆山,SO2,6.0
昆明,AQI,38.33
昆明,CO,0.75
昆明,NO2,38.21
昆明,O3,32.33
昆明,PM10,38.71
昆明,PM2.5,18.29
昆明,SO2,12.5
昌吉州,AQI,158.38
昌吉州,CO,1.42
昌吉州,NO2,45.54
昌吉州,O3,15.09
昌吉州,PM10,193.87
昌吉州,PM2.5,122.08
昌吉州,SO2,10.83
昌都,AQI,53.54
昌都,CO,1.19
昌都,NO2,26.25
昌都,O3,25.46
昌都,PM10,66.33
昌都,PM2.5,23.42
昌都,SO2,4.0
昭通,AQI,40.0
昭通,CO,0.89
昭通,NO2,19.92
昭通,O3,28.08
昭通,PM10,40.17
昭通,PM2.5,22.33
昭通,SO2,11.17
晋中,AQI,65.42
晋中,CO,0.58
晋中,NO2,19.17
晋中,O3,54.92
晋中,PM10,76.88
晋中,PM2.5,27.83
晋中,SO2,10.67
晋城,AQI,78.08
晋城,CO,0.66
晋城,NO2,26.58
晋城,O3,42.92
晋城,PM10,105.46
晋城,PM2.5,37.17
晋城,SO2,10.92
普洱,AQI,35.67
普洱,CO,0.55
普洱,NO2,21.83
普洱,O3,27.83
普洱,PM10,37.29
普洱,PM2.5,12.83
普洱,SO2,4.96
景德镇,AQI,11.21
景德镇,CO,0.57
景德镇,NO2,11.58
景德镇,O3,19.71
景德镇,PM10,9.21
景德镇,PM2.5,5.79
景德镇,SO2,5.58
曲靖,AQI,45.04
曲靖,CO,1.04
曲靖,NO2,20.42
曲靖,O3,47.08
曲靖,PM10,44.5
曲靖,PM2.5,16.92
曲靖,SO2,8.12
朔州,AQI,53.92
朔州,CO,0.42
朔州,NO2,10.33
朔州,O3,56.75
朔州,PM10,62.29
朔州,PM2.5,11.04
朔州,SO2,13.25
朝阳,AQI,46.25
朝阳,CO,0.8
朝阳,NO2,12.54
朝阳,O3,47.96
朝阳,PM10,51.0
朝阳,PM2.5,20.46
朝阳,SO2,18.54
本溪,AQI,54.71
本溪,CO,0.85
本溪,NO2,27.38
本溪,O3,26.83
本溪,PM10,61.12
本溪,PM2.5,29.38
本溪,SO2,15.67
来宾,AQI,54.21
来宾,CO,1.53
来宾,NO2,32.96
来宾,O3,8.38
来宾,PM10,62.92
来宾,PM2.5,35.79
来宾,SO2,17.25
杭州,AQI,27.04
杭州,CO,0.62
杭州,NO2,36.54
杭州,O3,28.67
杭州,PM10,27.38
杭州,PM2.5,14.71
杭州,SO2,6.62
松原,AQI,51.58
松原,CO,0.52
松原,NO2,20.25
松原,O3,28.04
松原,PM10,57.88
松原,PM2.5,25.29
松原,SO2,6.62
林芝,AQI,25.04
林芝,CO,0.37
林芝,NO2,6.83
林芝,O3,58.67
林芝,PM10,19.88
林芝,PM2.5,8.88
林芝,SO2,3.75
果洛州,AQI,35.42
果洛州,CO,0.89
果洛州,NO2,15.12
果洛州,O3,70.91
果洛州,PM10,34.57
果洛州,PM2.5,16.65
果洛州,SO2,31.7
枣庄,AQI,67.0
枣庄,CO,0.55
枣庄,NO2,27.46
枣庄,O3,32.25
枣庄,PM10,85.29
枣庄,PM2.5,45.0
枣庄,SO2,6.12
柳州,AQI,39.29
柳州,CO,1.37
柳州,NO2,20.08
柳州,O3,10.79
柳州,PM10,42.21
柳州,PM2.5,24.33
柳州,SO2,21.62
株洲,AQI,16.04
株洲,CO,0.52
株洲,NO2,31.67
株洲,O3,6.58
株洲,PM10,9.33
株洲,PM2.5,7.42
株洲,SO2,5.67
桂林,AQI,25.46
桂林,CO,0.88
桂林,NO2,17.83
桂林,O3,19.42
桂林,PM10,23.38
桂林,PM2.5,17.54
桂林,SO2,9.0
梅州,AQI,59.33
梅州,CO,1.09
梅州,NO2,32.54
梅州,O3,31.88
梅州,PM10,62.21
梅州,PM2.5,40.96
梅州,SO2,9.92
梧州,AQI,64.54
梧州,CO,1.36
梧州,NO2,28.58
梧州,O3,21.71
梧州,PM10,76.04
梧州,PM2.5,44.38
梧州,SO2,17.5
楚雄州,AQI,45.5
楚雄州,CO,0.79
楚雄州,NO2,26.88
楚雄州,O3,27.96
楚雄州,PM10,45.83
楚雄州,PM2.5,27.25
楚雄州,SO2,21.96
榆林,AQI,45.79
榆林,CO,0.87
榆林,NO2,24.42
榆林,O3,50.67
榆林,PM10,47.33
榆林,PM2.5,12.46
榆林,SO2,12.04
武威,AQI,52.38
武威,CO,0.72
武威,NO2,12.7
武威,O3,66.7
武威,PM10,51.33
武威,PM2.5,28.55
武威,SO2,4.04
武汉,AQI,19.71
武汉,CO,0.66
武汉,NO2,22.17
武汉,O3,24.17
武汉,PM10,13.92
武汉,PM2.5,13.71
武汉,SO2,4.83
毕节,AQI,18.29
毕节,CO,0.88
毕节,NO2,19.75
毕节,O3,13.04
毕节,PM10,17.42
毕节,PM2.5,10.71
毕节,SO2,8.67
永州,AQI,32.58
永州,CO,0.51
永州,NO2,22.79
永州,O3,14.71
永州,PM10,30.38
永州,PM2.5,22.62
永州,SO2,2.96
汉中,AQI,90.33
汉中,CO,0.69
汉中,NO2,22.12
汉中,O3,30.71
汉中,PM10,130.25
汉中,PM2.5,48.58
汉中,SO2,6.12
汕头,AQI,45.79
汕头,CO,0.73
汕头,NO2,24.25
汕头,O3,74.71
汕头,PM10,48.42
汕头,PM2.5,27.04
汕头,SO2,11.12
汕尾,AQI,46.83
汕尾,CO,0.92
汕尾,NO2,17.42
汕尾,O3,61.04
汕尾,PM10,47.08
汕尾,PM2.5,30.38
汕尾,SO2,7.71
江门,AQI,52.04
江门,CO,0.83
江门,NO2,42.83
江门,O3,47.08
江门,PM10,58.0
江门,PM2.5,30.5
江门,SO2,7.33
江阴,AQI,34.25
江阴,CO,0.57
江阴,NO2,24.88
江阴,O3,46.12
江阴,PM10,35.08
江阴,PM2.5,20.04
江阴,SO2,5.75
池州,AQI,16.71
池州,CO,0.25
池州,NO2,25.5
池州,O3,34.92
池州,PM10,13.25
池州,PM2.5,8.96
池州,SO2,13.79
沈阳,AQI,52.5
沈阳,CO,0.7
沈阳,NO2,28.75
沈阳,O3,29.92
沈阳,PM10,57.58
沈阳,PM2.5,28.54
沈阳,SO2,17.46
沧州,AQI,74.67
沧州,CO,0.62
沧州,NO2,29.0
沧州,O3,34.0
沧州,PM10,83.33
沧州,PM2.5,47.25
沧州,SO2,12.25
河池,AQI,39.46
河池,CO,1.07
河池,NO2,18.12
河池,O3,13.42
河池,PM10,48.29
河池,PM2.5,26.96
河池,SO2,7.12
河源,AQI,58.62
河源,CO,1.17
河源,NO2,27.38
河源,O3,46.38
河源,PM10,57.26
河源,PM2.5,40.33
河源,SO2,7.67
泉州,AQI,40.42
泉州,CO,0.61
泉州,NO2,22.92
泉州,O3,50.25
泉州,PM10,41.96
泉州,PM2.5,17.79
泉州,SO2,6.79
泰安,AQI,79.21
泰安,CO,0.7
泰安,NO2,31.62
泰安,O3,25.77
泰安,PM10,85.54
泰安,PM2.5,53.0
泰安,SO2,10.0
泰州,AQI,38.29
泰州,CO,0.52
泰州,NO2,17.0
泰州,O3,48.58
泰州,PM10,39.75
泰州,PM2.5,24.92
泰州,SO2,7.42
泸州,AQI,26.71
泸州,CO,0.75
泸州,NO2,24.92
泸州,O3,11.04
泸州,PM10,25.18
泸州,PM2.5,15.54
泸州,SO2,9.92
洛阳,AQI,89.58
洛阳,CO,1.04
洛阳,NO2,33.0
洛阳,O3,19.88
洛阳,PM10,117.04
洛阳,PM2.5,57.29
洛阳,SO2,12.08
济南,AQI,77.08
济南,CO,0.73
济南,NO2,36.96
济南,O3,26.0
济南,PM10,91.75
济南,PM2.5,47.17
济南,SO2,7.17
济宁,AQI,68.83
济宁,CO,0.55
济宁,NO2,28.79
济宁,O3,25.33
济宁,PM10,87.08
济宁,PM2.5,41.29
济宁,SO2,5.46
海东地区,AQI,70.25
海东地区,CO,0.68
海东地区,NO2,17.96
海东地区,O3,57.04
海东地区,PM10,90.0
海东地区,PM2.5,30.75
海东地区,SO2,11.29
海北州,AQI,32.67
海北州,CO,0.88
海北州,NO2,11.58
海北州,O3,78.54
海北州,PM10,30.67
海北州,PM2.5,10.79
海北州,SO2,10.54
海南州,AQI,37.62
海南州,CO,0.52
海南州,NO2,7.75
海南州,O3,74.46
海南州,PM10,39.17
海南州,PM2.5,12.17
海南州,SO2,8.42
海口,AQI,29.88
海口,CO,0.51
海口,NO2,10.96
海口,O3,40.42
海口,PM10,29.96
海口,PM2.5,12.62
海口,SO2,4.21
海西州,AQI,36.71
海西州,CO,0.77
海西州,NO2,20.33
海西州,O3,97.92
海西州,PM10,33.21
海西州,PM2.5,11.58
海西州,SO2,11.75
海门,AQI,32.83
海门,CO,0.64
海门,NO2,13.71
海门,O3,69.17
海门,PM10,26.67
海门,PM2.5,13.22
海门,SO2,5.17
淄博,AQI,70.54
淄博,CO,0.73
淄博,NO2,35.0
淄博,O3,26.5
淄博,PM10,82.92
淄博,PM2.5,43.83
淄博,SO2,11.71
淮北,AQI,78.83
淮北,CO,0.58
淮北,NO2,33.42
淮北,O3,26.62
淮北,PM10,80.82
淮北,PM2.5,58.33
淮北,SO2,8.21
淮南,AQI,45.83
淮南,CO,0.5
淮南,NO2,19.67
淮南,O3,32.92
淮南,PM10,47.54
淮南,PM2.5,32.17
淮南,SO2,9.29
淮安,AQI,50.62
淮安,CO,0.64
淮安,NO2,22.96
淮安,O3,40.04
淮安,PM10,56.38
淮安,PM2.5,31.92
淮安,SO2,5.25
深圳,AQI,41.5
深圳,CO,0.7
深圳,NO2,30.54
深圳,O3,50.04
深圳,PM10,41.96
深圳,PM2.5,22.42
深圳,SO2,5.79
清远,AQI,72.92
清远,CO,1.26
清远,NO2,43.42
清远,O3,31.08
清远,PM10,74.9
清远,PM2.5,52.08
清远,SO2,11.79
温州,AQI,38.04
温州,CO,0.7
温州,NO2,31.46
温州,O3,17.75
温州,PM10,38.33
温州,PM2.5,12.92
温州,SO2,5.96
渭南,AQI,100.33
渭南,CO,1.06
渭南,NO2,31.08
渭南,O3,24.38
渭南,PM10,149.21
渭南,PM2.5,59.38
渭南,SO2,11.0
湖州,AQI,18.71
湖州,CO,0.34
湖州,NO2,16.46
湖州,O3,50.29
湖州,PM10,16.69
湖州,PM2.5,8.54
湖州,SO2,6.54
湘潭,AQI,14.77
湘潭,CO,0.6
湘潭,NO2,26.77
湘潭,O3,10.41
湘潭,PM10,10.67
湘潭,PM2.5,9.05
湘潭,SO2,7.73
湘西州,AQI,31.88
湘西州,CO,0.3
湘西州,NO2,19.79
湘西州,O3,21.75
湘西州,PM10,34.21
湘西州,PM2.5,18.92
湘西州,SO2,3.5
湛江,AQI,35.54
湛江,CO,0.51
湛江,NO2,7.92
湛江,O3,70.12
湛江,PM10,34.75
湛江,PM2.5,21.21
湛江,SO2,4.38
溧阳,AQI,32.5
溧阳,CO,0.58
溧阳,NO2,21.5
溧阳,O3,48.83
溧阳,PM10,31.12
溧阳,PM2.5,21.33
溧阳,SO2,2.29
滁州,AQI,38.79
滁州,CO,0.32
滁州,NO2,18.08
滁州,O3,44.96
滁州,PM10,36.35
滁州,PM2.5,26.25
滁州,SO2,5.42
滨州,AQI,64.83
滨州,CO,0.84
滨州,NO2,30.96
滨州,O3,30.58
滨州,PM10,71.08
滨州,PM2.5,36.79
滨州,SO2,12.75
漯河,AQI,90.46
漯河,CO,0.95
漯河,NO2,39.96
漯河,O3,16.37
漯河,PM10,106.22
漯河,PM2.5,67.33
漯河,SO2,8.92
漳州,AQI,69.46
漳州,CO,0.95
漳州,NO2,41.0
漳州,O3,35.67
漳州,PM10,83.17
漳州,PM2.5,48.0
漳州,SO2,8.21
潍坊,AQI,74.08
潍坊,CO,0.76
潍坊,NO2,32.33
潍坊,O3,26.08
潍坊,PM10,82.46
潍坊,PM2.5,47.0
潍坊,SO2,9.46
潮州,AQI,71.92
潮州,CO,1.11
潮州,NO2,29.92
潮州,O3,55.21
潮州,PM10,72.92
潮州,PM2.5,51.62
潮州,SO2,17.88
濮阳,AQI,81.0
濮阳,CO,0.82
濮阳,NO2,32.92
濮阳,O3,26.46
濮阳,PM10,85.54
濮阳,PM2.5,53.75
濮阳,SO2,8.83
烟台,AQI,43.83
烟台,CO,0.42
烟台,NO2,16.83
烟台,O3,42.88
烟台,PM10,45.33
烟台,PM2.5,16.33
烟台,SO2,5.62
焦作,AQI,106.58
焦作,CO,1.09
焦作,NO2,36.25
焦作,O3,13.83
焦作,PM10,134.75
焦作,PM2.5,78.79
焦作,SO2,8.67
牡丹江,AQI,55.12
牡丹江,CO,0.65
牡丹江,NO2,23.54
牡丹江,O3,30.96
牡丹江,PM10,59.46
牡丹江,PM2.5,35.79
牡丹江,SO2,8.0
玉林,AQI,57.71
玉林,CO,0.95
玉林,NO2,26.21
玉林,O3,42.71
玉林,PM10,60.88
玉林,PM2.5,39.38
玉林,SO2,24.17
玉树州,AQI,23.33
玉树州,CO,0.85
玉树州,NO2,26.19
玉树州,O3,38.0
玉树州,PM10,24.36
玉树州,PM2.5,10.43
玉树州,SO2,16.44
玉溪,AQI,40.58
玉溪,CO,1.15
玉溪,NO2,26.54
玉溪,O3,29.0
玉溪,PM10,40.29
玉溪,PM2.5,18.33
玉溪,SO2,8.5
珠海,AQI,34.83
珠海,CO,0.57
珠海,NO2,38.83
珠海,O3,46.79
珠海,PM10,34.79
珠海,PM2.5,20.46
珠海,SO2,7.12
瓦房店,AQI,40.88
瓦房店,CO,0.43
瓦房店,NO2,19.0
瓦房店,O3,37.58
瓦房店,PM10,41.12
瓦房店,PM2.5,23.12
瓦房店,SO2,11.38
甘南州,AQI,72.62
甘南州,CO,1.14
甘南州,NO2,24.0
甘南州,O3,48.7
甘南州,PM10,100.17
甘南州,PM2.5,35.22
甘南州,SO2,21.25
甘孜州,AQI,23.0
甘孜州,CO,0.48
甘孜州,NO2,16.12
甘孜州,O3,41.79
甘孜州,PM10,21.4
甘孜州,PM2.5,13.38
甘孜州,SO2,6.83
白城,AQI,28.42
白城,CO,0.72
白城,NO2,8.83
白城,O3,53.96
白城,PM10,26.86
白城,PM2.5,18.0
白城,SO2,10.42
白山,AQI,52.5
白山,CO,0.99
白山,NO2,17.5
白山,O3,37.21
白山,PM10,54.46
白山,PM2.5,33.38
白山,SO2,19.21
白银,AQI,58.21
白银,CO,0.65
白银,NO2,10.46
白银,O3,65.0
白银,PM10,67.83
白银,PM2.5,19.62
白银,SO2,41.92
百色,AQI,54.67
百色,CO,0.76
百色,NO2,20.58
百色,O3,26.0
百色,PM10,59.54
百色,PM2.5,33.21
百色,SO2,16.79
益阳,AQI,27.92
益阳,CO,1.08
益阳,NO2,24.96
益阳,O3,20.75
益阳,PM10,26.38
益阳,PM2.5,17.83
益阳,SO2,2.54
盐城,AQI,46.38
盐城,CO,0.56
盐城,NO2,19.12
盐城,O3,57.75
盐城,PM10,52.83
盐城,PM2.5,25.62
盐城,SO2,5.79
盘锦,AQI,41.5
盘锦,CO,0.77
盘锦,NO2,18.17
盘锦,O3,40.67
盘锦,PM10,45.04
盘锦,PM2.5,15.29
盘锦,SO2,10.88
眉山,AQI,55.04
眉山,CO,0.78
眉山,NO2,33.17
眉山,O3,11.17
眉山,PM10,64.71
眉山,PM2.5,23.38
眉山,SO2,7.33
石嘴山,AQI,43.83
石嘴山,CO,0.26
石嘴山,NO2,12.42
石嘴山,O3,63.96
石嘴山,PM10,46.42
石嘴山,PM2.5,10.0
石嘴山,SO2,13.83
石家庄,AQI,122.96
石家庄,CO,1.04
石家庄,NO2,37.71
石家庄,O3,22.88
石家庄,PM10,150.21
石家庄,PM2.5,85.12
石家庄,SO2,9.0
石河子,AQI,153.92
石河子,CO,1.39
石河子,NO2,46.08
石河子,O3,16.83
石河子,PM10,185.0
石河子,PM2.5,118.7
石河子,SO2,9.17
福州,AQI,31.71
福州,CO,0.59
福州,NO2,26.83
福州,O3,41.54
福州,PM10,31.71
福州,PM2.5,14.38
福州,SO2,5.96
秦皇岛,AQI,52.46
秦皇岛,CO,0.83
秦皇岛,NO2,26.38
秦皇岛,O3,35.79
秦皇岛,PM10,61.29
秦皇岛,PM2.5,28.67
秦皇岛,SO2,13.08
章丘,AQI,68.12
章丘,CO,0.86
章丘,NO2,31.79
章丘,O3,23.33
章丘,PM10,83.79
章丘,PM2.5,39.79
章丘,SO2,12.21
红河州,AQI,32.83
红河州,CO,0.46
红河州,NO2,9.75
红河州,O3,56.83
红河州,PM10,31.21
红河州,PM2.5,20.38
红河州,SO2,10.62
绍兴,AQI,24.46
绍兴,CO,0.43
绍兴,NO2,34.42
绍兴,O3,25.46
绍兴,PM10,22.92
绍兴,PM2.5,13.71
绍兴,SO2,4.96
绥化,AQI,32.71
绥化,CO,0.67
绥化,NO2,8.08
绥化,O3,38.42
绥化,PM10,29.25
绥化,PM2.5,22.08
绥化,SO2,7.12
绵阳,AQI,76.17
绵阳,CO,0.56
绵阳,NO2,23.75
绵阳,O3,30.79
绵阳,PM10,101.92
绵阳,PM2.5,38.83
绵阳,SO2,5.46
聊城,AQI,81.08
聊城,CO,0.56
聊城,NO2,30.62
聊城,O3,35.08
聊城,PM10,94.58
聊城,PM2.5,49.88
聊城,SO2,7.12
肇庆,AQI,55.25
肇庆,CO,0.8
肇庆,NO2,43.67
肇庆,O3,46.21
肇庆,PM10,59.08
肇庆,PM2.5,36.58
肇庆,SO2,13.29
胶南,AQI,63.75
胶南,CO,0.61
胶南,NO2,25.42
胶南,O3,38.0
胶南,PM10,71.96
胶南,PM2.5,41.58
胶南,SO2,8.33
胶州,AQI,49.42
胶州,CO,0.66
胶州,NO2,27.14
胶州,O3,37.73
胶州,PM10,57.05
胶州,PM2.5,35.81
胶州,SO2,11.43
自贡,AQI,51.58
自贡,CO,0.64
自贡,NO2,22.54
自贡,O3,17.08
自贡,PM10,57.58
自贡,PM2.5,23.79
自贡,SO2,6.88
舟山,AQI,26.92
舟山,CO,0.49
舟山,NO2,10.5
舟山,O3,60.17
舟山,PM10,23.96
舟山,PM2.5,8.42
舟山,SO2,3.96
芜湖,AQI,27.88
芜湖,CO,0.81
芜湖,NO2,32.29
芜湖,O3,33.17
芜湖,PM10,22.75
芜湖,PM2.5,19.04
芜湖,SO2,5.58
苏州,AQI,28.5
苏州,CO,0.36
苏州,NO2,34.67
苏州,O3,40.62
苏州,PM10,24.5
苏州,PM2.5,17.04
苏州,SO2,4.71
茂名,AQI,46.08
茂名,CO,0.74
茂名,NO2,14.67
茂名,O3,46.79
茂名,PM10,47.38
茂名,PM2.5,24.67
茂名,SO2,9.29
荆州,AQI,60.33
荆州,CO,0.98
荆州,NO2,23.88
荆州,O3,22.29
荆州,PM10,76.04
荆州,PM2.5,32.42
荆州,SO2,10.79
荆门,AQI,78.5
荆门,CO,0.85
荆门,NO2,30.46
荆门,O3,29.25
荆门,PM10,119.27
荆门,PM2.5,55.54
荆门,SO2,8.83
荣成,AQI,48.83
荣成,CO,0.77
荣成,NO2,11.96
荣成,O3,60.42
荣成,PM10,51.79
荣成,PM2.5,15.5
荣成,SO2,5.21
莆田,AQI,35.33
莆田,CO,0.6
莆田,NO2,20.46
莆田,O3,53.58
莆田,PM10,35.5
莆田,PM2.5,16.25
莆田,SO2,8.17
莱州,AQI,45.96
莱州,CO,1.36
莱州,NO2,23.62
莱州,O3,38.54
莱州,PM10,48.38
莱州,PM2.5,28.71
莱州,SO2,10.62
莱西,AQI,47.17
莱西,CO,0.65
莱西,NO2,19.54
莱西,O3,41.29
莱西,PM10,44.7
莱西,PM2.5,30.38
莱西,SO2,9.12
菏泽,AQI,75.0
菏泽,CO,0.78
菏泽,NO2,30.5
菏泽,O3,29.96
菏泽,PM10,87.58
菏泽,PM2.5,49.0
菏泽,SO2,6.46
萍乡,AQI,16.67
萍乡,CO,0.85
萍乡,NO2,20.88
萍乡,O3,6.17
萍乡,PM10,16.33
萍乡,PM2.5,9.5
萍乡,SO2,8.5
营口,AQI,54.0
营口,CO,0.42
营口,NO2,22.92
营口,O3,46.21
营口,PM10,59.62
营口,PM2.5,24.88
营口,SO2,11.79
葫芦岛,AQI,46.21
葫芦岛,CO,0.81
葫芦岛,NO2,16.75
葫芦岛,O3,44.38
葫芦岛,PM10,50.67
葫芦岛,PM2.5,19.88
葫芦岛,SO2,15.58
蓬莱,AQI,36.46
蓬莱,CO,0.69
蓬莱,NO2,13.71
蓬莱,O3,55.33
蓬莱,PM10,36.33
蓬莱,PM2.5,18.5
蓬莱,SO2,8.33
蚌埠,AQI,50.25
蚌埠,CO,0.51
蚌埠,NO2,27.96
蚌埠,O3,38.29
蚌埠,PM10,50.29
蚌埠,PM2.5,35.92
蚌埠,SO2,7.79
衡水,AQI,96.12
衡水,CO,1.03
衡水,NO2,25.21
衡水,O3,27.71
衡水,PM10,116.35
衡水,PM2.5,67.78
衡水,SO2,5.46
衡阳,AQI,15.79
衡阳,CO,0.65
衡阳,NO2,27.75
衡阳,O3,8.29
衡阳,PM10,11.58
衡阳,PM2.5,8.17
衡阳,SO2,6.62
衢州,AQI,24.25
衢州,CO,0.66
衢州,NO2,31.17
衢州,O3,22.33
衢州,PM10,22.79
衢州,PM2.5,12.96
衢州,SO2,3.54
襄阳,AQI,81.71
襄阳,CO,0.99
襄阳,NO2,31.88
襄阳,O3,17.75
襄阳,PM10,107.4
襄阳,PM2.5,57.96
襄阳,SO2,9.17
西双版纳州,AQI,48.75
西双版纳州,CO,0.56
西双版纳州,NO2,23.33
西双版纳州,O3,29.08
西双版纳州,PM10,55.0
西双版纳州,PM2.5,22.5
西双版纳州,SO2,5.96
西宁,AQI,65.96
西宁,CO,1.49
西宁,NO2,27.17
西宁,O3,53.33
西宁,PM10,81.38
西宁,PM2.5,27.83
西宁,SO2,8.96
西安,AQI,114.21
西安,CO,1.22
西安,NO2,46.88
西安,O3,17.67
西安,PM10,169.12
西安,PM2.5,73.92
西安,SO2,13.08
许昌,AQI,88.83
许昌,CO,1.07
许昌,NO2,37.88
许昌,O3,18.06
许昌,PM10,101.53
许昌,PM2.5,65.83
许昌,SO2,14.33
诸暨,AQI,22.25
诸暨,CO,0.49
诸暨,NO2,31.29
诸暨,O3,29.05
诸暨,PM10,29.71
诸暨,PM2.5,14.17
诸暨,SO2,2.5
贵港,AQI,64.54
贵港,CO,1.01
贵港,NO2,25.08
贵港,O3,28.42
贵港,PM10,70.0
贵港,PM2.5,44.25
贵港,SO2,12.04
贵阳,AQI,29.04
贵阳,CO,0.7
贵阳,NO2,17.04
贵阳,O3,17.0
贵阳,PM10,29.04
贵阳,PM2.5,15.88
贵阳,SO2,7.75
贺州,AQI,34.92
贺州,CO,0.89
贺州,NO2,19.17
贺州,O3,12.46
贺州,PM10,35.04
贺州,PM2.5,22.12
贺州,SO2,12.17
资阳,AQI,70.92
资阳,CO,0.55
资阳,NO2,26.75
资阳,O3,27.29
资阳,PM10,90.54
资阳,PM2.5,41.04
资阳,SO2,5.12
赣州,AQI,28.42
赣州,CO,1.5
赣州,NO2,22.38
赣州,O3,12.75
赣州,PM10,28.33
赣州,PM2.5,15.21
赣州,SO2,10.54
赤峰,AQI,31.42
赤峰,CO,0.55
赤峰,NO2,12.25
赤峰,O3,45.29
赤峰,PM10,31.62
赤峰,PM2.5,8.71
赤峰,SO2,10.25
辽源,AQI,53.33
辽源,CO,0.65
辽源,NO2,14.58
辽源,O3,36.79
辽源,PM10,49.88
辽源,PM2.5,37.25
辽源,SO2,17.17
辽阳,AQI,46.17
辽阳,CO,0.66
辽阳,NO2,23.58
辽阳,O3,30.88
辽阳,PM10,44.78
辽阳,PM2.5,27.5
辽阳,SO2,13.67
达州,AQI,59.62
达州,CO,0.53
达州,NO2,25.75
达州,O3,40.12
达州,PM10,71.38
达州,PM2.5,31.5
达州,SO2,8.33
运城,AQI,86.83
运城,CO,0.99
运城,NO2,26.12
运城,O3,30.79
运城,PM10,116.54
运城,PM2.5,54.96
运城,SO2,10.12
连云港,AQI,60.62
连云港,CO,0.88
连云港,NO2,30.29
连云港,O3,31.71
连云港,PM10,59.35
连云港,PM2.5,41.67
连云港,SO2,12.71
迪庆州,AQI,30.75
迪庆州,CO,0.82
迪庆州,NO2,15.54
迪庆州,O3,59.62
迪庆州,PM10,23.0
迪庆州,PM2.5,15.33
迪庆州,SO2,8.12
通化,AQI,45.54
通化,CO,1.19
通化,NO2,21.5
通化,O3,24.42
通化,PM10,49.46
通化,PM2.5,26.62
通化,SO2,19.54
通辽,AQI,45.58
通辽,CO,0.34
通辽,NO2,8.83
通辽,O3,49.25
通辽,PM10,46.46
通辽,PM2.5,23.5
通辽,SO2,8.58
遂宁,AQI,49.75
遂宁,CO,0.56
遂宁,NO2,17.46
遂宁,O3,37.33
遂宁,PM10,60.79
遂宁,PM2.5,20.08
遂宁,SO2,8.0
遵义,AQI,17.71
遵义,CO,0.77
遵义,NO2,20.62
遵义,O3,20.42
遵义,PM10,16.57
遵义,PM2.5,11.54
遵义,SO2,8.0
邢台,AQI,135.5
邢台,CO,1.24
邢台,NO2,43.25
邢台,O3,17.29
邢台,PM10,190.5
邢台,PM2.5,99.33
邢台,SO2,10.58
那曲地区,AQI,43.21
那曲地区,CO,1.01
那曲地区,NO2,7.88
那曲地区,O3,38.92
那曲地区,PM10,45.5
那曲地区,PM2.5,25.33
那曲地区,SO2,4.21
邯郸,AQI,97.38
邯郸,CO,1.0
邯郸,NO2,34.21
邯郸,O3,22.92
邯郸,PM10,136.08
邯郸,PM2.5,63.17
邯郸,SO2,9.42
邵阳,AQI,16.12
邵阳,CO,0.71
邵阳,NO2,16.92
邵阳,O3,22.25
邵阳,PM10,13.71
邵阳,PM2.5,9.33
邵阳,SO2,7.17
郑州,AQI,103.0
郑州,CO,1.0
郑州,NO2,43.79
郑州,O3,15.92
郑州,PM10,127.32
郑州,PM2.5,76.5
郑州,SO2,11.17
郴州,AQI,20.88
郴州,CO,0.94
郴州,NO2,21.21
郴州,O3,11.0
郴州,PM10,19.17
郴州,PM2.5,10.0
郴州,SO2,5.46
鄂尔多斯,AQI,42.42
鄂尔多斯,CO,0.46
鄂尔多斯,NO2,11.46
鄂尔多斯,O3,57.96
鄂尔多斯,PM10,43.58
鄂尔多斯,PM2.5,8.29
鄂尔多斯,SO2,6.29
鄂州,AQI,19.21
鄂州,CO,0.58
鄂州,NO2,16.5
鄂州,O3,26.71
鄂州,PM10,19.21
鄂州,PM2.5,9.04
鄂州,SO2,3.33
酒泉,AQI,42.04
酒泉,CO,0.62
酒泉,NO2,19.75
酒泉,O3,56.5
酒泉,PM10,37.43
酒泉,PM2.5,27.46
酒泉,SO2,9.33
重庆,AQI,33.33
重庆,CO,0.91
重庆,NO2,30.62
重庆,O3,6.04
重庆,PM10,32.79
重庆,PM2.5,21.58
重庆,SO2,6.08
金华,AQI,26.5
金华,CO,0.57
金华,NO2,33.42
金华,O3,22.13
金华,PM10,17.9
金华,PM2.5,13.83
金华,SO2,7.25
金坛,AQI,39.29
金坛,CO,1.17
金坛,NO2,22.96
金坛,O3,49.08
金坛,PM10,31.64
金坛,PM2.5,26.96
金坛,SO2,10.12
金昌,AQI,26.58
金昌,CO,0.35
金昌,NO2,7.12
金昌,O3,61.92
金昌,PM10,26.38
金昌,PM2.5,8.75
金昌,SO2,8.96
钦州,AQI,49.83
钦州,CO,1.09
钦州,NO2,23.79
钦州,O3,39.54
钦州,PM10,51.5
钦州,PM2.5,29.42
钦州,SO2,16.58
铁岭,AQI,84.38
铁岭,CO,0.91
铁岭,NO2,20.38
铁岭,O3,30.08
铁岭,PM10,83.58
铁岭,PM2.5,49.08
铁岭,SO2,10.58
铜仁地区,AQI,38.5
铜仁地区,CO,0.96
铜仁地区,NO2,11.46
铜仁地区,O3,34.96
铜仁地区,PM10,36.75
铜仁地区,PM2.5,17.96
铜仁地区,SO2,1.25
铜川,AQI,83.17
铜川,CO,1.08
铜川,NO2,42.42
铜川,O3,30.17
铜川,PM10,112.7
铜川,PM2.5,43.0
铜川,SO2,19.21
铜陵,AQI,24.12
铜陵,CO,0.45
铜陵,NO2,23.88
铜陵,O3,38.83
铜陵,PM10,22.38
铜陵,PM2.5,16.21
铜陵,SO2,10.29
银川,AQI,62.71
银川,CO,0.57
银川,NO2,13.58
银川,O3,55.96
银川,PM10,75.0
银川,PM2.5,19.08
银川,SO2,10.25
锡林郭勒盟,AQI,52.71
锡林郭勒盟,CO,0.26
锡林郭勒盟,NO2,10.71
锡林郭勒盟,O3,42.88
锡林郭勒盟,PM10,64.54
锡林郭勒盟,PM2.5,9.54
锡林郭勒盟,SO2,20.25
锦州,AQI,46.92
锦州,CO,0.78
锦州,NO2,19.42
锦州,O3,43.67
锦州,PM10,49.46
锦州,PM2.5,24.96
锦州,SO2,33.08
镇江,AQI,38.71
镇江,CO,0.39
镇江,NO2,21.83
镇江,O3,46.71
镇江,PM10,35.25
镇江,PM2.5,25.79
镇江,SO2,3.42
长春,AQI,42.71
长春,CO,0.74
长春,NO2,30.29
长春,O3,29.83
长春,PM10,43.92
长春,PM2.5,24.42
长春,SO2,16.96
长沙,AQI,13.88
长沙,CO,0.6
长沙,NO2,26.33
长沙,O3,11.5
长沙,PM10,8.0
长沙,PM2.5,7.33
长沙,SO2,5.0
长治,AQI,72.67
长治,CO,0.89
长治,NO2,27.62
长治,O3,36.33
长治,PM10,94.96
长治,PM2.5,34.83
长治,SO2,19.62
阜新,AQI,43.75
阜新,CO,0.51
阜新,NO2,11.21
阜新,O3,47.92
阜新,PM10,46.0
阜新,PM2.5,15.79
阜新,SO2,21.88
阜阳,AQI,49.17
阜阳,CO,0.46
阜阳,NO2,17.92
阜阳,O3,35.17
阜阳,PM10,52.46
阜阳,PM2.5,33.67
阜阳,SO2,3.25
防城港,AQI,40.21
防城港,CO,0.86
防城港,NO2,22.67
防城港,O3,36.96
防城港,PM10,42.0
防城港,PM2.5,24.7
防城港,SO2,12.25
阳江,AQI,46.46
阳江,CO,0.8
阳江,NO2,15.54
阳江,O3,51.42
阳江,PM10,44.52
阳江,PM2.5,30.58
阳江,SO2,6.33
阳泉,AQI,71.5
阳泉,CO,0.43
阳泉,NO2,26.58
阳泉,O3,45.04
阳泉,PM10,85.21
阳泉,PM2.5,35.67
阳泉,SO2,14.75
阿克苏地区,AQI,192.04
阿克苏地区,CO,0.95
阿克苏地区,NO2,35.29
阿克苏地区,O3,38.5
阿克苏地区,PM10,324.38
阿克苏地区,PM2.5,62.33
阿克苏地区,SO2,11.25
阿勒泰地区,AQI,20.17
阿勒泰地区,CO,1.02
阿勒泰地区,NO2,14.67
阿勒泰地区,O3,35.83
阿勒泰地区,PM10,15.57
阿勒泰地区,PM2.5,9.61
阿勒泰地区,SO2,8.12
阿坝州,AQI,33.83
阿坝州,CO,0.58
阿坝州,NO2,15.83
阿坝州,O3,35.71
阿坝州,PM10,30.96
阿坝州,PM2.5,22.92
阿坝州,SO2,7.46
阿拉善盟,AQI,45.96
阿拉善盟,CO,0.51
阿拉善盟,NO2,6.54
阿拉善盟,O3,74.75
阿拉善盟,PM10,49.62
阿拉善盟,PM2.5,18.12
阿拉善盟,SO2,8.33
阿里地区,AQI,27.58
阿里地区,CO,0.8
阿里地区,NO2,29.54
阿里地区,O3,39.62
阿里地区,PM10,22.12
阿里地区,PM2.5,12.29
阿里地区,SO2,12.71
陇南,AQI,83.58
陇南,CO,0.62
陇南,NO2,14.54
陇南,O3,57.79
陇南,PM10,116.62
陇南,PM2.5,43.38
陇南,SO2,8.29
随州,AQI,40.0
随州,CO,0.68
随州,NO2,23.46
随州,O3,24.67
随州,PM10,45.75
随州,PM2.5,26.62
随州,SO2,4.12
雅安,AQI,58.0
雅安,CO,0.64
雅安,NO2,18.88
雅安,O3,32.25
雅安,PM10,72.83
雅安,PM2.5,33.5
雅安,SO2,12.25
青岛,AQI,51.79
青岛,CO,0.65
青岛,NO2,27.62
青岛,O3,28.62
青岛,PM10,57.46
青岛,PM2.5,33.33
青岛,SO2,6.21
鞍山,AQI,62.21
鞍山,CO,0.93
鞍山,NO2,23.79
鞍山,O3,35.0
鞍山,PM10,75.25
鞍山,PM2.5,25.96
鞍山,SO2,17.12
韶关,AQI,45.29
韶关,CO,1.31
韶关,NO2,31.83
韶关,O3,14.0
韶关,PM10,43.33
韶关,PM2.5,31.67
韶关,SO2,13.21
马鞍山,AQI,30.88
马鞍山,CO,0.65
马鞍山,NO2,22.54
马鞍山,O3,39.42
马鞍山,PM10,28.78
马鞍山,PM2.5,18.96
马鞍山,SO2,6.08
驻马店,AQI,73.38
驻马店,CO,0.72
驻马店,NO2,32.5
驻马店,O3,17.33
驻马店,PM10,80.08
驻马店,PM2.5,53.54
驻马店,SO2,5.12
鸡西,AQI,47.04
鸡西,CO,0.62
鸡西,NO2,18.75
鸡西,O3,31.92
鸡西,PM10,51.96
鸡西,PM2.5,30.83
鸡西,SO2,11.21
鹤壁,AQI,74.92
鹤壁,CO,1.18
鹤壁,NO2,35.29
鹤壁,O3,20.42
鹤壁,PM10,94.08
鹤壁,PM2.5,52.21
鹤壁,SO2,7.54
鹤岗,AQI,41.92
鹤岗,CO,0.64
鹤岗,NO2,12.38
鹤岗,O3,48.33
鹤岗,PM10,42.79
鹤岗,PM2.5,25.21
鹤岗,SO2,13.25
鹰潭,AQI,15.08
鹰潭,CO,0.24
鹰潭,NO2,20.75
鹰潭,O3,16.04
鹰潭,PM10,9.52
鹰潭,PM2.5,9.25
鹰潭,SO2,5.38
黄冈,AQI,20.71
黄冈,CO,0.55
黄冈,NO2,15.75
黄冈,O3,26.88
黄冈,PM10,20.58
黄冈,PM2.5,9.17
黄冈,SO2,5.42
黄南州,AQI,68.21
黄南州,CO,1.19
黄南州,NO2,16.88
黄南州,O3,41.08
黄南州,PM10,85.92
黄南州,PM2.5,26.46
黄南州,SO2,14.42
黄山,AQI,12.92
黄山,CO,0.6
黄山,NO2,18.29
黄山,O3,35.04
黄山,PM10,8.65
黄山,PM2.5,6.33
黄山,SO2,8.71
黄石,AQI,20.46
黄石,CO,0.66
黄石,NO2,22.92
黄石,O3,21.0
黄石,PM10,20.46
黄石,PM2.5,8.25
黄石,SO2,5.0
黑河,AQI,47.38
黑河,CO,0.63
黑河,NO2,10.62
黑河,O3,49.25
黑河,PM10,52.21
黑河,PM2.5,18.83
黑河,SO2,10.83
黔东南州,AQI,10.25
黔东南州,CO,0.85
黔东南州,NO2,13.75
黔东南州,O3,23.38
黔东南州,PM10,8.55
黔东南州,PM2.5,5.75
黔东南州,SO2,10.5
黔南州,AQI,12.83
黔南州,CO,0.61
黔南州,NO2,9.62
黔南州,O3,23.12
黔南州,PM10,11.33
黔南州,PM2.5,6.18
黔南州,SO2,25.58
黔西南州,AQI,38.38
黔西南州,CO,0.86
黔西南州,NO2,34.75
黔西南州,O3,20.83
黔西南州,PM10,37.75
黔西南州,PM2.5,13.58
黔西南州,SO2,11.46
齐齐哈尔,AQI,25.42
齐齐哈尔,CO,0.39
齐齐哈尔,NO2,8.58
齐齐哈尔,O3,51.21
齐齐哈尔,PM10,24.92
齐齐哈尔,PM2.5,12.58
齐齐哈尔,SO2,11.88
龙岩,AQI,43.79
龙岩,CO,0.86
龙岩,NO2,26.58
龙岩,O3,23.12
龙岩,PM10,42.92
龙岩,PM2.5,25.67
龙岩,SO2,12.62
