city,date,type,value,province,is_coastal,population,gdp,climate_type,region
三亚,201405,AQI,23.76,海南省,是,1035118.0,673.1,热带季风气候,华南
三亚,201405,CO,0.49,海南省,是,1035118.0,673.1,热带季风气候,华南
三亚,201405,NO2,9.92,海南省,是,1035118.0,673.1,热带季风气候,华南
三亚,201405,O3,46.87,海南省,是,1035118.0,673.1,热带季风气候,华南
三亚,201405,PM10,22.96,海南省,是,1035118.0,673.1,热带季风气候,华南
三亚,201405,PM2.5,12.62,海南省,是,1035118.0,673.1,热带季风气候,华南
三亚,201405,SO2,2.13,海南省,是,1035118.0,673.1,热带季风气候,华南
三门峡,201405,AQI,99.05,河南省,否,2237479.0,1676.4,温带季风气候,华中
三门峡,201405,CO,1.24,河南省,否,2237479.0,1676.4,温带季风气候,华中
三门峡,201405,NO2,29.3,河南省,否,2237479.0,1676.4,温带季风气候,华中
三门峡,201405,O3,62.14,河南省,否,2237479.0,1676.4,温带季风气候,华中
三门峡,201405,PM10,137.56,河南省,否,2237479.0,1676.4,温带季风气候,华中
三门峡,201405,PM2.5,60.79,河南省,否,2237479.0,1676.4,温带季风气候,华中
三门峡,201405,SO2,37.22,河南省,否,2237479.0,1676.4,温带季风气候,华中
上海,201405,AQI,97.13,上海市,是,24870895.0,44652.8,亚热带季风气候,华东
上海,201405,CO,0.75,上海市,是,24870895.0,44652.8,亚热带季风气候,华东
上海,201405,NO2,43.61,上海市,是,24870895.0,44652.8,亚热带季风气候,华东
上海,201405,O3,102.2,上海市,是,24870895.0,44652.8,亚热带季风气候,华东
上海,201405,PM10,110.07,上海市,是,24870895.0,44652.8,亚热带季风气候,华东
上海,201405,PM2.5,68.92,上海市,是,24870895.0,44652.8,亚热带季风气候,华东
上海,201405,SO2,17.24,上海市,是,24870895.0,44652.8,亚热带季风气候,华东
东莞,201405,AQI,42.22,广东省,是,10466607.0,11200.3,亚热带季风气候,华南
东莞,201405,CO,0.7,广东省,是,10466607.0,11200.3,亚热带季风气候,华南
东莞,201405,NO2,37.48,广东省,是,10466607.0,11200.3,亚热带季风气候,华南
东莞,201405,O3,42.14,广东省,是,10466607.0,11200.3,亚热带季风气候,华南
东莞,201405,PM10,40.78,广东省,是,10466607.0,11200.3,亚热带季风气候,华南
东莞,201405,PM2.5,26.46,广东省,是,10466607.0,11200.3,亚热带季风气候,华南
东莞,201405,SO2,16.8,广东省,是,10466607.0,11200.3,亚热带季风气候,华南
东营,201405,AQI,128.47,山东省,是,2190541.0,3620.7,温带季风气候,华东
东营,201405,CO,1.1,山东省,是,2190541.0,3620.7,温带季风气候,华东
东营,201405,NO2,45.75,山东省,是,2190541.0,3620.7,温带季风气候,华东
东营,201405,O3,111.33,山东省,是,2190541.0,3620.7,温带季风气候,华东
东营,201405,PM10,194.6,山东省,是,2190541.0,3620.7,温带季风气候,华东
东营,201405,PM2.5,74.86,山东省,是,2190541.0,3620.7,温带季风气候,华东
东营,201405,SO2,82.73,山东省,是,2190541.0,3620.7,温带季风气候,华东
中山,201405,AQI,25.71,广东省,是,4427197.0,3631.3,亚热带季风气候,华南
中山,201405,CO,0.87,广东省,是,4427197.0,3631.3,亚热带季风气候,华南
中山,201405,NO2,12.34,广东省,是,4427197.0,3631.3,亚热带季风气候,华南
中山,201405,O3,30.55,广东省,是,4427197.0,3631.3,亚热带季风气候,华南
中山,201405,PM10,25.07,广东省,是,4427197.0,3631.3,亚热带季风气候,华南
中山,201405,PM2.5,14.91,广东省,是,4427197.0,3631.3,亚热带季风气候,华南
中山,201405,SO2,8.92,广东省,是,4427197.0,3631.3,亚热带季风气候,华南
临安,201405,AQI,97.74,浙江省,否,573100.0,132.5,亚热带季风气候,华东
临安,201405,CO,0.81,浙江省,否,573100.0,132.5,亚热带季风气候,华东
临安,201405,NO2,30.72,浙江省,否,573100.0,132.5,亚热带季风气候,华东
临安,201405,O3,81.71,浙江省,否,573100.0,132.5,亚热带季风气候,华东
临安,201405,PM10,123.69,浙江省,否,573100.0,132.5,亚热带季风气候,华东
临安,201405,PM2.5,64.76,浙江省,否,573100.0,132.5,亚热带季风气候,华东
临安,201405,SO2,12.49,浙江省,否,573100.0,132.5,亚热带季风气候,华东
临汾,201405,AQI,110.37,山西省,否,4316611.0,1760.4,温带季风气候,华北
临汾,201405,CO,2.29,山西省,否,4316611.0,1760.4,温带季风气候,华北
临汾,201405,NO2,38.56,山西省,否,4316611.0,1760.4,温带季风气候,华北
临汾,201405,O3,54.84,山西省,否,4316611.0,1760.4,温带季风气候,华北
临汾,201405,PM10,144.12,山西省,否,4316611.0,1760.4,温带季风气候,华北
临汾,201405,PM2.5,77.25,山西省,否,4316611.0,1760.4,温带季风气候,华北
临汾,201405,SO2,63.14,山西省,否,4316611.0,1760.4,温带季风气候,华北
临沂,201405,AQI,145.79,山东省,否,11018365.0,5778.5,温带季风气候,华东
临沂,201405,CO,1.66,山东省,否,11018365.0,5778.5,温带季风气候,华东
临沂,201405,NO2,69.33,山东省,否,11018365.0,5778.5,温带季风气候,华东
临沂,201405,O3,58.81,山东省,否,11018365.0,5778.5,温带季风气候,华东
临沂,201405,PM10,212.43,山东省,否,11018365.0,5778.5,温带季风气候,华东
临沂,201405,PM2.5,101.76,山东省,否,11018365.0,5778.5,温带季风气候,华东
临沂,201405,SO2,75.66,山东省,否,11018365.0,5778.5,温带季风气候,华东
丹东,201405,AQI,73.05,辽宁省,是,2426000.0,912.1,温带季风气候,东北
丹东,201405,CO,1.06,辽宁省,是,2426000.0,912.1,温带季风气候,东北
丹东,201405,NO2,27.45,辽宁省,是,2426000.0,912.1,温带季风气候,东北
丹东,201405,O3,93.08,辽宁省,是,2426000.0,912.1,温带季风气候,东北
丹东,201405,PM10,92.82,辽宁省,是,2426000.0,912.1,温带季风气候,东北
丹东,201405,PM2.5,47.3,辽宁省,是,2426000.0,912.1,温带季风气候,东北
丹东,201405,SO2,17.55,辽宁省,是,2426000.0,912.1,温带季风气候,东北
丽水,201405,AQI,61.05,浙江省,否,2211685.0,1580.3,亚热带季风气候,华东
丽水,201405,CO,0.78,浙江省,否,2211685.0,1580.3,亚热带季风气候,华东
丽水,201405,NO2,32.02,浙江省,否,2211685.0,1580.3,亚热带季风气候,华东
丽水,201405,O3,67.25,浙江省,否,2211685.0,1580.3,亚热带季风气候,华东
丽水,201405,PM10,60.2,浙江省,否,2211685.0,1580.3,亚热带季风气候,华东
丽水,201405,PM2.5,42.56,浙江省,否,2211685.0,1580.3,亚热带季风气候,华东
丽水,201405,SO2,13.72,浙江省,否,2211685.0,1580.3,亚热带季风气候,华东
义乌,201405,AQI,76.0,浙江省,否,1854000.0,1730.6,亚热带季风气候,华东
义乌,201405,CO,1.03,浙江省,否,1854000.0,1730.6,亚热带季风气候,华东
义乌,201405,NO2,41.47,浙江省,否,1854000.0,1730.6,亚热带季风气候,华东
义乌,201405,O3,67.42,浙江省,否,1854000.0,1730.6,亚热带季风气候,华东
义乌,201405,PM10,88.37,浙江省,否,1854000.0,1730.6,亚热带季风气候,华东
义乌,201405,PM2.5,53.77,浙江省,否,1854000.0,1730.6,亚热带季风气候,华东
义乌,201405,SO2,21.35,浙江省,否,1854000.0,1730.6,亚热带季风气候,华东
乌鲁木齐,201405,AQI,88.84,新疆维吾尔自治区,否,4075794.0,3893.2,温带大陆性气候,西北
乌鲁木齐,201405,CO,0.61,新疆维吾尔自治区,否,4075794.0,3893.2,温带大陆性气候,西北
乌鲁木齐,201405,NO2,45.33,新疆维吾尔自治区,否,4075794.0,3893.2,温带大陆性气候,西北
乌鲁木齐,201405,O3,45.87,新疆维吾尔自治区,否,4075794.0,3893.2,温带大陆性气候,西北
乌鲁木齐,201405,PM10,125.71,新疆维吾尔自治区,否,4075794.0,3893.2,温带大陆性气候,西北
乌鲁木齐,201405,PM2.5,31.53,新疆维吾尔自治区,否,4075794.0,3893.2,温带大陆性气候,西北
乌鲁木齐,201405,SO2,12.3,新疆维吾尔自治区,否,4075794.0,3893.2,温带大陆性气候,西北
九江,201405,AQI,85.92,江西省,否,4628875.0,4026.6,亚热带季风气候,华东
九江,201405,CO,0.8,江西省,否,4628875.0,4026.6,亚热带季风气候,华东
九江,201405,NO2,27.69,江西省,否,4628875.0,4026.6,亚热带季风气候,华东
九江,201405,O3,30.86,江西省,否,4628875.0,4026.6,亚热带季风气候,华东
九江,201405,PM10,108.2,江西省,否,4628875.0,4026.6,亚热带季风气候,华东
九江,201405,PM2.5,54.38,江西省,否,4628875.0,4026.6,亚热带季风气候,华东
九江,201405,SO2,28.44,江西省,否,4628875.0,4026.6,亚热带季风气候,华东
乳山,201405,AQI,72.39,山东省,是,530032.0,352.5,温带季风气候,华东
乳山,201405,CO,0.83,山东省,是,530032.0,352.5,温带季风气候,华东
乳山,201405,NO2,12.75,山东省,是,530032.0,352.5,温带季风气候,华东
乳山,201405,O3,124.89,山东省,是,530032.0,352.5,温带季风气候,华东
乳山,201405,PM10,75.62,山东省,是,530032.0,352.5,温带季风气候,华东
乳山,201405,PM2.5,44.83,山东省,是,530032.0,352.5,温带季风气候,华东
乳山,201405,SO2,17.57,山东省,是,530032.0,352.5,温带季风气候,华东
云浮,201405,AQI,46.23,广东省,否,1074000.0,1008.5,亚热带季风气候,华南
云浮,201405,CO,1.41,广东省,否,1074000.0,1008.5,亚热带季风气候,华南
云浮,201405,NO2,16.49,广东省,否,1074000.0,1008.5,亚热带季风气候,华南
云浮,201405,O3,41.69,广东省,否,1074000.0,1008.5,亚热带季风气候,华南
云浮,201405,PM10,42.23,广东省,否,1074000.0,1008.5,亚热带季风气候,华南
云浮,201405,PM2.5,17.73,广东省,否,1074000.0,1008.5,亚热带季风气候,华南
云浮,201405,SO2,11.95,广东省,否,1074000.0,1008.5,亚热带季风气候,华南
佛山,201405,AQI,46.91,广东省,否,9498863.0,12698.4,亚热带季风气候,华南
佛山,201405,CO,0.88,广东省,否,9498863.0,12698.4,亚热带季风气候,华南
佛山,201405,NO2,42.62,广东省,否,9498863.0,12698.4,亚热带季风气候,华南
佛山,201405,O3,34.91,广东省,否,9498863.0,12698.4,亚热带季风气候,华南
佛山,201405,PM10,48.95,广东省,否,9498863.0,12698.4,亚热带季风气候,华南
佛山,201405,PM2.5,29.26,广东省,否,9498863.0,12698.4,亚热带季风气候,华南
佛山,201405,SO2,21.53,广东省,否,9498863.0,12698.4,亚热带季风气候,华南
保定,201405,AQI,145.08,河北省,否,9412023.0,3880.3,温带季风气候,华北
保定,201405,CO,1.21,河北省,否,9412023.0,3880.3,温带季风气候,华北
保定,201405,NO2,33.03,河北省,否,9412023.0,3880.3,温带季风气候,华北
保定,201405,O3,79.96,河北省,否,9412023.0,3880.3,温带季风气候,华北
保定,201405,PM10,222.56,河北省,否,9412023.0,3880.3,温带季风气候,华北
保定,201405,PM2.5,78.24,河北省,否,9412023.0,3880.3,温带季风气候,华北
保定,201405,SO2,42.8,河北省,否,9412023.0,3880.3,温带季风气候,华北
克拉玛依,201405,AQI,55.29,新疆维吾尔自治区,否,492084.0,1020.5,温带大陆性气候,西北
克拉玛依,201405,CO,0.72,新疆维吾尔自治区,否,492084.0,1020.5,温带大陆性气候,西北
克拉玛依,201405,NO2,13.71,新疆维吾尔自治区,否,492084.0,1020.5,温带大陆性气候,西北
克拉玛依,201405,O3,87.78,新疆维吾尔自治区,否,492084.0,1020.5,温带大陆性气候,西北
克拉玛依,201405,PM10,62.43,新疆维吾尔自治区,否,492084.0,1020.5,温带大陆性气候,西北
克拉玛依,201405,PM2.5,25.52,新疆维吾尔自治区,否,492084.0,1020.5,温带大陆性气候,西北
克拉玛依,201405,SO2,5.43,新疆维吾尔自治区,否,492084.0,1020.5,温带大陆性气候,西北
兰州,201405,AQI,99.25,甘肃省,否,4374432.0,3343.5,温带大陆性气候,西北
兰州,201405,CO,1.37,甘肃省,否,4374432.0,3343.5,温带大陆性气候,西北
兰州,201405,NO2,52.62,甘肃省,否,4374432.0,3343.5,温带大陆性气候,西北
兰州,201405,O3,60.29,甘肃省,否,4374432.0,3343.5,温带大陆性气候,西北
兰州,201405,PM10,142.92,甘肃省,否,4374432.0,3343.5,温带大陆性气候,西北
兰州,201405,PM2.5,58.71,甘肃省,否,4374432.0,3343.5,温带大陆性气候,西北
兰州,201405,SO2,32.44,甘肃省,否,4374432.0,3343.5,温带大陆性气候,西北
包头,201405,AQI,150.47,内蒙古自治区,否,2856292.0,3749.9,温带大陆性气候,华北
包头,201405,CO,0.8,内蒙古自治区,否,2856292.0,3749.9,温带大陆性气候,华北
包头,201405,NO2,36.23,内蒙古自治区,否,2856292.0,3749.9,温带大陆性气候,华北
包头,201405,O3,88.91,内蒙古自治区,否,2856292.0,3749.9,温带大陆性气候,华北
包头,201405,PM10,231.1,内蒙古自治区,否,2856292.0,3749.9,温带大陆性气候,华北
包头,201405,PM2.5,54.3,内蒙古自治区,否,2856292.0,3749.9,温带大陆性气候,华北
包头,201405,SO2,38.21,内蒙古自治区,否,2856292.0,3749.9,温带大陆性气候,华北
北京,201405,AQI,111.36,北京市,否,21893095.0,41610.9,温带季风气候,华北
北京,201405,CO,0.93,北京市,否,21893095.0,41610.9,温带季风气候,华北
北京,201405,NO2,55.34,北京市,否,21893095.0,41610.9,温带季风气候,华北
北京,201405,O3,97.89,北京市,否,21893095.0,41610.9,温带季风气候,华北
北京,201405,PM10,143.99,北京市,否,21893095.0,41610.9,温带季风气候,华北
北京,201405,PM2.5,69.59,北京市,否,21893095.0,41610.9,温带季风气候,华北
北京,201405,SO2,16.87,北京市,否,21893095.0,41610.9,温带季风气候,华北
北海,201405,AQI,45.0,广西壮族自治区,是,1775688.0,1210.2,亚热带季风气候,华南
北海,201405,CO,1.49,广西壮族自治区,是,1775688.0,1210.2,亚热带季风气候,华南
北海,201405,NO2,13.04,广西壮族自治区,是,1775688.0,1210.2,亚热带季风气候,华南
北海,201405,O3,72.5,广西壮族自治区,是,1775688.0,1210.2,亚热带季风气候,华南
北海,201405,PM10,47.2,广西壮族自治区,是,1775688.0,1210.2,亚热带季风气候,华南
北海,201405,PM2.5,11.8,广西壮族自治区,是,1775688.0,1210.2,亚热带季风气候,华南
北海,201405,SO2,15.02,广西壮族自治区,是,1775688.0,1210.2,亚热带季风气候,华南
南京,201405,AQI,140.26,江苏省,否,9314712.0,16907.9,亚热带季风气候,华东
南京,201405,CO,0.93,江苏省,否,9314712.0,16907.9,亚热带季风气候,华东
南京,201405,NO2,56.85,江苏省,否,9314712.0,16907.9,亚热带季风气候,华东
南京,201405,O3,103.04,江苏省,否,9314712.0,16907.9,亚热带季风气候,华东
南京,201405,PM10,189.77,江苏省,否,9314712.0,16907.9,亚热带季风气候,华东
南京,201405,PM2.5,100.0,江苏省,否,9314712.0,16907.9,亚热带季风气候,华东
南京,201405,SO2,25.52,江苏省,否,9314712.0,16907.9,亚热带季风气候,华东
南充,201405,AQI,105.62,四川省,否,2783486.0,2685.5,亚热带季风气候,西南
南充,201405,CO,0.74,四川省,否,2783486.0,2685.5,亚热带季风气候,西南
南充,201405,NO2,23.6,四川省,否,2783486.0,2685.5,亚热带季风气候,西南
南充,201405,O3,31.28,四川省,否,2783486.0,2685.5,亚热带季风气候,西南
南充,201405,PM10,122.05,四川省,否,2783486.0,2685.5,亚热带季风气候,西南
南充,201405,PM2.5,79.1,四川省,否,2783486.0,2685.5,亚热带季风气候,西南
南充,201405,SO2,15.57,四川省,否,2783486.0,2685.5,亚热带季风气候,西南
南宁,201405,AQI,56.01,广西壮族自治区,否,8740232.0,5218.3,亚热带季风气候,华南
南宁,201405,CO,1.08,广西壮族自治区,否,8740232.0,5218.3,亚热带季风气候,华南
南宁,201405,NO2,26.75,广西壮族自治区,否,8740232.0,5218.3,亚热带季风气候,华南
南宁,201405,O3,56.9,广西壮族自治区,否,8740232.0,5218.3,亚热带季风气候,华南
南宁,201405,PM10,61.14,广西壮族自治区,否,8740232.0,5218.3,亚热带季风气候,华南
南宁,201405,PM2.5,28.17,广西壮族自治区,否,8740232.0,5218.3,亚热带季风气候,华南
南宁,201405,SO2,12.06,广西壮族自治区,否,8740232.0,5218.3,亚热带季风气候,华南
南昌,201405,AQI,89.84,江西省,否,5581611.0,7203.5,亚热带季风气候,华东
南昌,201405,CO,1.31,江西省,否,5581611.0,7203.5,亚热带季风气候,华东
南昌,201405,NO2,35.53,江西省,否,5581611.0,7203.5,亚热带季风气候,华东
南昌,201405,O3,57.94,江西省,否,5581611.0,7203.5,亚热带季风气候,华东
南昌,201405,PM10,107.08,江西省,否,5581611.0,7203.5,亚热带季风气候,华东
南昌,201405,PM2.5,61.91,江西省,否,5581611.0,7203.5,亚热带季风气候,华东
南昌,201405,SO2,27.92,江西省,否,5581611.0,7203.5,亚热带季风气候,华东
南通,201405,AQI,114.23,江苏省,是,7282835.0,11379.6,亚热带季风气候,华东
南通,201405,CO,0.85,江苏省,是,7282835.0,11379.6,亚热带季风气候,华东
南通,201405,NO2,52.24,江苏省,是,7282835.0,11379.6,亚热带季风气候,华东
南通,201405,O3,88.82,江苏省,是,7282835.0,11379.6,亚热带季风气候,华东
南通,201405,PM10,142.09,江苏省,是,7282835.0,11379.6,亚热带季风气候,华东
南通,201405,PM2.5,80.64,江苏省,是,7282835.0,11379.6,亚热带季风气候,华东
南通,201405,SO2,34.29,江苏省,是,7282835.0,11379.6,亚热带季风气候,华东
即墨,201405,AQI,80.1,山东省,否,1273000.0,1070.6,温带季风气候,华东
即墨,201405,CO,0.61,山东省,否,1273000.0,1070.6,温带季风气候,华东
即墨,201405,NO2,39.14,山东省,否,1273000.0,1070.6,温带季风气候,华东
即墨,201405,O3,103.4,山东省,否,1273000.0,1070.6,温带季风气候,华东
即墨,201405,PM10,106.57,山东省,否,1273000.0,1070.6,温带季风气候,华东
即墨,201405,PM2.5,46.78,山东省,否,1273000.0,1070.6,温带季风气候,华东
即墨,201405,SO2,31.8,山东省,否,1273000.0,1070.6,温带季风气候,华东
厦门,201405,AQI,64.1,福建省,是,5289879.0,7802.7,亚热带季风气候,华东
厦门,201405,CO,0.82,福建省,是,5289879.0,7802.7,亚热带季风气候,华东
厦门,201405,NO2,36.09,福建省,是,5289879.0,7802.7,亚热带季风气候,华东
厦门,201405,O3,71.34,福建省,是,5289879.0,7802.7,亚热带季风气候,华东
厦门,201405,PM10,64.72,福建省,是,5289879.0,7802.7,亚热带季风气候,华东
厦门,201405,PM2.5,44.91,福建省,是,5289879.0,7802.7,亚热带季风气候,华东
厦门,201405,SO2,17.41,福建省,是,5289879.0,7802.7,亚热带季风气候,华东
句容,201405,AQI,134.03,江苏省,否,617556.0,520.3,亚热带季风气候,华东
句容,201405,CO,0.84,江苏省,否,617556.0,520.3,亚热带季风气候,华东
句容,201405,NO2,38.05,江苏省,否,617556.0,520.3,亚热带季风气候,华东
句容,201405,O3,79.98,江苏省,否,617556.0,520.3,亚热带季风气候,华东
句容,201405,PM10,153.22,江苏省,否,617556.0,520.3,亚热带季风气候,华东
句容,201405,PM2.5,94.4,江苏省,否,617556.0,520.3,亚热带季风气候,华东
句容,201405,SO2,34.22,江苏省,否,617556.0,520.3,亚热带季风气候,华东
台州,201405,AQI,80.71,浙江省,是,6125000.0,6040.7,亚热带季风气候,华东
台州,201405,CO,0.95,浙江省,是,6125000.0,6040.7,亚热带季风气候,华东
台州,201405,NO2,31.95,浙江省,是,6125000.0,6040.7,亚热带季风气候,华东
台州,201405,O3,77.45,浙江省,是,6125000.0,6040.7,亚热带季风气候,华东
台州,201405,PM10,88.17,浙江省,是,6125000.0,6040.7,亚热带季风气候,华东
台州,201405,PM2.5,58.6,浙江省,是,6125000.0,6040.7,亚热带季风气候,华东
台州,201405,SO2,8.21,浙江省,是,6125000.0,6040.7,亚热带季风气候,华东
合肥,201405,AQI,126.49,安徽省,否,9362701.0,12013.1,亚热带季风气候,华东
合肥,201405,CO,0.88,安徽省,否,9362701.0,12013.1,亚热带季风气候,华东
合肥,201405,NO2,28.72,安徽省,否,9362701.0,12013.1,亚热带季风气候,华东
合肥,201405,O3,39.4,安徽省,否,9362701.0,12013.1,亚热带季风气候,华东
合肥,201405,PM10,164.23,安徽省,否,9362701.0,12013.1,亚热带季风气候,华东
合肥,201405,PM2.5,86.2,安徽省,否,9362701.0,12013.1,亚热带季风气候,华东
合肥,201405,SO2,20.52,安徽省,否,9362701.0,12013.1,亚热带季风气候,华东
吉林,201405,AQI,55.61,吉林省,否,3623713.0,1517.9,温带季风气候,东北
吉林,201405,CO,1.02,吉林省,否,3623713.0,1517.9,温带季风气候,东北
吉林,201405,NO2,34.96,吉林省,否,3623713.0,1517.9,温带季风气候,东北
吉林,201405,O3,71.75,吉林省,否,3623713.0,1517.9,温带季风气候,东北
吉林,201405,PM10,62.43,吉林省,否,3623713.0,1517.9,温带季风气候,东北
吉林,201405,PM2.5,29.9,吉林省,否,3623713.0,1517.9,温带季风气候,东北
吉林,201405,SO2,9.63,吉林省,否,3623713.0,1517.9,温带季风气候,东北
吴江,201405,AQI,110.27,江苏省,否,1200000.0,285.4,亚热带季风气候,华东
吴江,201405,CO,0.81,江苏省,否,1200000.0,285.4,亚热带季风气候,华东
吴江,201405,NO2,39.21,江苏省,否,1200000.0,285.4,亚热带季风气候,华东
吴江,201405,O3,77.71,江苏省,否,1200000.0,285.4,亚热带季风气候,华东
吴江,201405,PM10,142.28,江苏省,否,1200000.0,285.4,亚热带季风气候,华东
吴江,201405,PM2.5,76.68,江苏省,否,1200000.0,285.4,亚热带季风气候,华东
吴江,201405,SO2,21.8,江苏省,否,1200000.0,285.4,亚热带季风气候,华东
呼和浩特,201405,AQI,107.65,内蒙古自治区,否,3284827.0,3329.1,温带大陆性气候,华北
呼和浩特,201405,CO,1.5,内蒙古自治区,否,3284827.0,3329.1,温带大陆性气候,华北
呼和浩特,201405,NO2,39.49,内蒙古自治区,否,3284827.0,3329.1,温带大陆性气候,华北
呼和浩特,201405,O3,52.58,内蒙古自治区,否,3284827.0,3329.1,温带大陆性气候,华北
呼和浩特,201405,PM10,152.93,内蒙古自治区,否,3284827.0,3329.1,温带大陆性气候,华北
呼和浩特,201405,PM2.5,43.01,内蒙古自治区,否,3284827.0,3329.1,温带大陆性气候,华北
呼和浩特,201405,SO2,29.57,内蒙古自治区,否,3284827.0,3329.1,温带大陆性气候,华北
咸阳,201405,AQI,103.93,陕西省,否,3742634.0,2817.6,温带季风气候,西北
咸阳,201405,CO,1.07,陕西省,否,3742634.0,2817.6,温带季风气候,西北
咸阳,201405,NO2,52.39,陕西省,否,3742634.0,2817.6,温带季风气候,西北
咸阳,201405,O3,61.01,陕西省,否,3742634.0,2817.6,温带季风气候,西北
咸阳,201405,PM10,153.29,陕西省,否,3742634.0,2817.6,温带季风气候,西北
咸阳,201405,PM2.5,50.46,陕西省,否,3742634.0,2817.6,温带季风气候,西北
咸阳,201405,SO2,42.82,陕西省,否,3742634.0,2817.6,温带季风气候,西北
哈尔滨,201405,AQI,51.9,黑龙江省,否,5490100.0,5490.1,温带季风气候,东北
哈尔滨,201405,CO,0.64,黑龙江省,否,5490100.0,5490.1,温带季风气候,东北
哈尔滨,201405,NO2,41.19,黑龙江省,否,5490100.0,5490.1,温带季风气候,东北
哈尔滨,201405,O3,54.46,黑龙江省,否,5490100.0,5490.1,温带季风气候,东北
哈尔滨,201405,PM10,56.28,黑龙江省,否,5490100.0,5490.1,温带季风气候,东北
哈尔滨,201405,PM2.5,28.53,黑龙江省,否,5490100.0,5490.1,温带季风气候,东北
哈尔滨,201405,SO2,15.69,黑龙江省,否,5490100.0,5490.1,温带季风气候,东北
唐山,201405,AQI,127.72,河北省,是,7733200.0,8900.7,温带季风气候,华北
唐山,201405,CO,2.45,河北省,是,7733200.0,8900.7,温带季风气候,华北
唐山,201405,NO2,60.81,河北省,是,7733200.0,8900.7,温带季风气候,华北
唐山,201405,O3,99.5,河北省,是,7733200.0,8900.7,温带季风气候,华北
唐山,201405,PM10,167.05,河北省,是,7733200.0,8900.7,温带季风气候,华北
唐山,201405,PM2.5,86.31,河北省,是,7733200.0,8900.7,温带季风气候,华北
唐山,201405,SO2,67.63,河北省,是,7733200.0,8900.7,温带季风气候,华北
嘉兴,201405,AQI,101.09,浙江省,否,4722411.0,6739.5,亚热带季风气候,华东
嘉兴,201405,CO,0.89,浙江省,否,4722411.0,6739.5,亚热带季风气候,华东
嘉兴,201405,NO2,44.42,浙江省,否,4722411.0,6739.5,亚热带季风气候,华东
嘉兴,201405,O3,103.43,浙江省,否,4722411.0,6739.5,亚热带季风气候,华东
嘉兴,201405,PM10,120.11,浙江省,否,4722411.0,6739.5,亚热带季风气候,华东
嘉兴,201405,PM2.5,73.04,浙江省,否,4722411.0,6739.5,亚热带季风气候,华东
嘉兴,201405,SO2,25.89,浙江省,否,4722411.0,6739.5,亚热带季风气候,华东
嘉峪关,201405,AQI,95.11,甘肃省,否,232200.0,362.6,温带大陆性气候,西北
嘉峪关,201405,CO,0.75,甘肃省,否,232200.0,362.6,温带大陆性气候,西北
嘉峪关,201405,NO2,24.51,甘肃省,否,232200.0,362.6,温带大陆性气候,西北
嘉峪关,201405,O3,128.25,甘肃省,否,232200.0,362.6,温带大陆性气候,西北
嘉峪关,201405,PM10,148.11,甘肃省,否,232200.0,362.6,温带大陆性气候,西北
嘉峪关,201405,PM2.5,39.93,甘肃省,否,232200.0,362.6,温带大陆性气候,西北
嘉峪关,201405,SO2,24.67,甘肃省,否,232200.0,362.6,温带大陆性气候,西北
大同,201405,AQI,115.94,山西省,否,2713300.0,1364.1,温带季风气候,华北
大同,201405,CO,1.1,山西省,否,2713300.0,1364.1,温带季风气候,华北
大同,201405,NO2,29.65,山西省,否,2713300.0,1364.1,温带季风气候,华北
大同,201405,O3,74.13,山西省,否,2713300.0,1364.1,温带季风气候,华北
大同,201405,PM10,163.25,山西省,否,2713300.0,1364.1,温带季风气候,华北
大同,201405,PM2.5,51.38,山西省,否,2713300.0,1364.1,温带季风气候,华北
大同,201405,SO2,28.92,山西省,否,2713300.0,1364.1,温带季风气候,华北
大庆,201405,AQI,37.06,黑龙江省,否,2781562.0,2988.6,温带季风气候,东北
大庆,201405,CO,0.37,黑龙江省,否,2781562.0,2988.6,温带季风气候,东北
大庆,201405,NO2,18.0,黑龙江省,否,2781562.0,2988.6,温带季风气候,东北
大庆,201405,O3,68.55,黑龙江省,否,2781562.0,2988.6,温带季风气候,东北
大庆,201405,PM10,36.78,黑龙江省,否,2781562.0,2988.6,温带季风气候,东北
大庆,201405,PM2.5,20.91,黑龙江省,否,2781562.0,2988.6,温带季风气候,东北
大庆,201405,SO2,8.66,黑龙江省,否,2781562.0,2988.6,温带季风气候,东北
大连,201405,AQI,69.8,辽宁省,是,7435000.0,8430.9,温带季风气候,东北
大连,201405,CO,0.59,辽宁省,是,7435000.0,8430.9,温带季风气候,东北
大连,201405,NO2,43.48,辽宁省,是,7435000.0,8430.9,温带季风气候,东北
大连,201405,O3,62.34,辽宁省,是,7435000.0,8430.9,温带季风气候,东北
大连,201405,PM10,88.22,辽宁省,是,7435000.0,8430.9,温带季风气候,东北
大连,201405,PM2.5,40.08,辽宁省,是,7435000.0,8430.9,温带季风气候,东北
大连,201405,SO2,8.7,辽宁省,是,7435000.0,8430.9,温带季风气候,东北
天津,201405,AQI,123.08,天津市,是,13866009.0,16103.9,温带季风气候,华北
天津,201405,CO,1.43,天津市,是,13866009.0,16103.9,温带季风气候,华北
天津,201405,NO2,57.05,天津市,是,13866009.0,16103.9,温带季风气候,华北
天津,201405,O3,64.38,天津市,是,13866009.0,16103.9,温带季风气候,华北
天津,201405,PM10,151.83,天津市,是,13866009.0,16103.9,温带季风气候,华北
天津,201405,PM2.5,87.34,天津市,是,13866009.0,16103.9,温带季风气候,华北
天津,201405,SO2,31.12,天津市,是,13866009.0,16103.9,温带季风气候,华北
太仓,201405,AQI,102.92,江苏省,否,833000.0,921.5,亚热带季风气候,华东
太仓,201405,CO,1.05,江苏省,否,833000.0,921.5,亚热带季风气候,华东
太仓,201405,NO2,31.77,江苏省,否,833000.0,921.5,亚热带季风气候,华东
太仓,201405,O3,94.73,江苏省,否,833000.0,921.5,亚热带季风气候,华东
太仓,201405,PM10,120.6,江苏省,否,833000.0,921.5,亚热带季风气候,华东
太仓,201405,PM2.5,73.37,江苏省,否,833000.0,921.5,亚热带季风气候,华东
太仓,201405,SO2,39.34,江苏省,否,833000.0,921.5,亚热带季风气候,华东
太原,201405,AQI,92.83,山西省,否,5308733.0,5571.2,温带季风气候,华北
太原,201405,CO,0.96,山西省,否,5308733.0,5571.2,温带季风气候,华北
太原,201405,NO2,52.58,山西省,否,5308733.0,5571.2,温带季风气候,华北
太原,201405,O3,61.34,山西省,否,5308733.0,5571.2,温带季风气候,华北
太原,201405,PM10,134.69,山西省,否,5308733.0,5571.2,温带季风气候,华北
太原,201405,PM2.5,52.19,山西省,否,5308733.0,5571.2,温带季风气候,华北
太原,201405,SO2,50.65,山西省,否,5308733.0,5571.2,温带季风气候,华北
威海,201405,AQI,80.37,山东省,是,2809000.0,3408.2,温带季风气候,华东
威海,201405,CO,0.6,山东省,是,2809000.0,3408.2,温带季风气候,华东
威海,201405,NO2,31.83,山东省,是,2809000.0,3408.2,温带季风气候,华东
威海,201405,O3,108.93,山东省,是,2809000.0,3408.2,温带季风气候,华东
威海,201405,PM10,107.18,山东省,是,2809000.0,3408.2,温带季风气候,华东
威海,201405,PM2.5,45.03,山东省,是,2809000.0,3408.2,温带季风气候,华东
威海,201405,SO2,20.43,山东省,是,2809000.0,3408.2,温带季风气候,华东
宁波,201405,AQI,76.23,浙江省,是,9446800.0,15704.3,亚热带季风气候,华东
宁波,201405,CO,0.95,浙江省,是,9446800.0,15704.3,亚热带季风气候,华东
宁波,201405,NO2,36.89,浙江省,是,9446800.0,15704.3,亚热带季风气候,华东
宁波,201405,O3,98.89,浙江省,是,9446800.0,15704.3,亚热带季风气候,华东
宁波,201405,PM10,88.45,浙江省,是,9446800.0,15704.3,亚热带季风气候,华东
宁波,201405,PM2.5,52.53,浙江省,是,9446800.0,15704.3,亚热带季风气候,华东
宁波,201405,SO2,18.77,浙江省,是,9446800.0,15704.3,亚热带季风气候,华东
安阳,201405,AQI,113.9,河南省,否,5091075.0,2546.9,温带季风气候,华中
安阳,201405,CO,1.31,河南省,否,5091075.0,2546.9,温带季风气候,华中
安阳,201405,NO2,62.76,河南省,否,5091075.0,2546.9,温带季风气候,华中
安阳,201405,O3,86.05,河南省,否,5091075.0,2546.9,温带季风气候,华中
安阳,201405,PM10,145.63,河南省,否,5091075.0,2546.9,温带季风气候,华中
安阳,201405,PM2.5,79.82,河南省,否,5091075.0,2546.9,温带季风气候,华中
安阳,201405,SO2,58.58,河南省,否,5091075.0,2546.9,温带季风气候,华中
宜兴,201405,AQI,104.72,江苏省,否,1230000.0,1718.5,亚热带季风气候,华东
宜兴,201405,CO,1.76,江苏省,否,1230000.0,1718.5,亚热带季风气候,华东
宜兴,201405,NO2,40.98,江苏省,否,1230000.0,1718.5,亚热带季风气候,华东
宜兴,201405,O3,99.75,江苏省,否,1230000.0,1718.5,亚热带季风气候,华东
宜兴,201405,PM10,119.95,江苏省,否,1230000.0,1718.5,亚热带季风气候,华东
宜兴,201405,PM2.5,72.71,江苏省,否,1230000.0,1718.5,亚热带季风气候,华东
宜兴,201405,SO2,32.96,江苏省,否,1230000.0,1718.5,亚热带季风气候,华东
宜宾,201405,AQI,110.49,四川省,否,4523333.0,3427.8,亚热带季风气候,西南
宜宾,201405,CO,0.88,四川省,否,4523333.0,3427.8,亚热带季风气候,西南
宜宾,201405,NO2,31.65,四川省,否,4523333.0,3427.8,亚热带季风气候,西南
宜宾,201405,O3,65.08,四川省,否,4523333.0,3427.8,亚热带季风气候,西南
宜宾,201405,PM10,137.42,四川省,否,4523333.0,3427.8,亚热带季风气候,西南
宜宾,201405,PM2.5,81.03,四川省,否,4523333.0,3427.8,亚热带季风气候,西南
宜宾,201405,SO2,32.47,四川省,否,4523333.0,3427.8,亚热带季风气候,西南
宜昌,201405,AQI,101.71,湖北省,否,4012804.0,5502.7,亚热带季风气候,华中
宜昌,201405,CO,0.83,湖北省,否,4012804.0,5502.7,亚热带季风气候,华中
宜昌,201405,NO2,38.88,湖北省,否,4012804.0,5502.7,亚热带季风气候,华中
宜昌,201405,O3,41.37,湖北省,否,4012804.0,5502.7,亚热带季风气候,华中
宜昌,201405,PM10,120.98,湖北省,否,4012804.0,5502.7,亚热带季风气候,华中
宜昌,201405,PM2.5,70.99,湖北省,否,4012804.0,5502.7,亚热带季风气候,华中
宜昌,201405,SO2,37.85,湖北省,否,4012804.0,5502.7,亚热带季风气候,华中
宝鸡,201405,AQI,95.13,陕西省,否,3321853.0,2743.1,温带季风气候,西北
宝鸡,201405,CO,1.56,陕西省,否,3321853.0,2743.1,温带季风气候,西北
宝鸡,201405,NO2,30.73,陕西省,否,3321853.0,2743.1,温带季风气候,西北
宝鸡,201405,O3,52.23,陕西省,否,3321853.0,2743.1,温带季风气候,西北
宝鸡,201405,PM10,134.77,陕西省,否,3321853.0,2743.1,温带季风气候,西北
宝鸡,201405,PM2.5,54.11,陕西省,否,3321853.0,2743.1,温带季风气候,西北
宝鸡,201405,SO2,13.45,陕西省,否,3321853.0,2743.1,温带季风气候,西北
宿迁,201405,AQI,112.82,江苏省,否,4924263.0,4112.0,亚热带季风气候,华东
宿迁,201405,CO,0.86,江苏省,否,4924263.0,4112.0,亚热带季风气候,华东
宿迁,201405,NO2,32.04,江苏省,否,4924263.0,4112.0,亚热带季风气候,华东
宿迁,201405,O3,83.43,江苏省,否,4924263.0,4112.0,亚热带季风气候,华东
宿迁,201405,PM10,161.45,江苏省,否,4924263.0,4112.0,亚热带季风气候,华东
宿迁,201405,PM2.5,71.15,江苏省,否,4924263.0,4112.0,亚热带季风气候,华东
宿迁,201405,SO2,24.91,江苏省,否,4924263.0,4112.0,亚热带季风气候,华东
富阳,201405,AQI,93.37,浙江省,否,1132000.0,460.2,亚热带季风气候,华东
富阳,201405,CO,0.96,浙江省,否,1132000.0,460.2,亚热带季风气候,华东
富阳,201405,NO2,34.71,浙江省,否,1132000.0,460.2,亚热带季风气候,华东
富阳,201405,O3,43.44,浙江省,否,1132000.0,460.2,亚热带季风气候,华东
富阳,201405,PM10,100.41,浙江省,否,1132000.0,460.2,亚热带季风气候,华东
富阳,201405,PM2.5,66.84,浙江省,否,1132000.0,460.2,亚热带季风气候,华东
富阳,201405,SO2,20.2,浙江省,否,1132000.0,460.2,亚热带季风气候,华东
寿光,201405,AQI,124.64,山东省,否,1217000.0,1002.1,温带季风气候,华东
寿光,201405,CO,1.02,山东省,否,1217000.0,1002.1,温带季风气候,华东
寿光,201405,NO2,43.4,山东省,否,1217000.0,1002.1,温带季风气候,华东
寿光,201405,O3,108.1,山东省,否,1217000.0,1002.1,温带季风气候,华东
寿光,201405,PM10,177.84,山东省,否,1217000.0,1002.1,温带季风气候,华东
寿光,201405,PM2.5,76.18,山东省,否,1217000.0,1002.1,温带季风气候,华东
寿光,201405,SO2,63.16,山东省,否,1217000.0,1002.1,温带季风气候,华东
岳阳,201405,AQI,110.35,湖南省,否,5056835.0,4710.7,亚热带季风气候,华中
岳阳,201405,CO,1.62,湖南省,否,5056835.0,4710.7,亚热带季风气候,华中
岳阳,201405,NO2,27.5,湖南省,否,5056835.0,4710.7,亚热带季风气候,华中
岳阳,201405,O3,24.93,湖南省,否,5056835.0,4710.7,亚热带季风气候,华中
岳阳,201405,PM10,164.53,湖南省,否,5056835.0,4710.7,亚热带季风气候,华中
岳阳,201405,PM2.5,64.43,湖南省,否,5056835.0,4710.7,亚热带季风气候,华中
岳阳,201405,SO2,41.59,湖南省,否,5056835.0,4710.7,亚热带季风气候,华中
常州,201405,AQI,122.54,江苏省,否,4715040.0,9550.1,亚热带季风气候,华东
常州,201405,CO,1.04,江苏省,否,4715040.0,9550.1,亚热带季风气候,华东
常州,201405,NO2,58.67,江苏省,否,4715040.0,9550.1,亚热带季风气候,华东
常州,201405,O3,106.75,江苏省,否,4715040.0,9550.1,亚热带季风气候,华东
常州,201405,PM10,152.34,江苏省,否,4715040.0,9550.1,亚热带季风气候,华东
常州,201405,PM2.5,87.17,江苏省,否,4715040.0,9550.1,亚热带季风气候,华东
常州,201405,SO2,42.75,江苏省,否,4715040.0,9550.1,亚热带季风气候,华东
常德,201405,AQI,93.14,湖南省,否,4293835.0,1427.5,亚热带季风气候,华中
常德,201405,CO,2.12,湖南省,否,4293835.0,1427.5,亚热带季风气候,华中
常德,201405,NO2,19.24,湖南省,否,4293835.0,1427.5,亚热带季风气候,华中
常德,201405,O3,38.81,湖南省,否,4293835.0,1427.5,亚热带季风气候,华中
常德,201405,PM10,106.88,湖南省,否,4293835.0,1427.5,亚热带季风气候,华中
常德,201405,PM2.5,67.39,湖南省,否,4293835.0,1427.5,亚热带季风气候,华中
常德,201405,SO2,60.34,湖南省,否,4293835.0,1427.5,亚热带季风气候,华中
常熟,201405,AQI,100.63,江苏省,否,1521000.0,2225.4,亚热带季风气候,华东
常熟,201405,CO,0.74,江苏省,否,1521000.0,2225.4,亚热带季风气候,华东
常熟,201405,NO2,45.13,江苏省,否,1521000.0,2225.4,亚热带季风气候,华东
常熟,201405,O3,95.41,江苏省,否,1521000.0,2225.4,亚热带季风气候,华东
常熟,201405,PM10,111.86,江苏省,否,1521000.0,2225.4,亚热带季风气候,华东
常熟,201405,PM2.5,71.57,江苏省,否,1521000.0,2225.4,亚热带季风气候,华东
常熟,201405,SO2,14.42,江苏省,否,1521000.0,2225.4,亚热带季风气候,华东
平度,201405,AQI,126.48,山东省,否,1397000.0,1073.5,温带季风气候,华东
平度,201405,CO,0.67,山东省,否,1397000.0,1073.5,温带季风气候,华东
平度,201405,NO2,39.31,山东省,否,1397000.0,1073.5,温带季风气候,华东
平度,201405,O3,107.85,山东省,否,1397000.0,1073.5,温带季风气候,华东
平度,201405,PM10,160.92,山东省,否,1397000.0,1073.5,温带季风气候,华东
平度,201405,PM2.5,70.42,山东省,否,1397000.0,1073.5,温带季风气候,华东
平度,201405,SO2,20.02,山东省,否,1397000.0,1073.5,温带季风气候,华东
平顶山,201405,AQI,113.92,河南省,否,4975342.0,2839.3,温带季风气候,华中
平顶山,201405,CO,0.89,河南省,否,4975342.0,2839.3,温带季风气候,华中
平顶山,201405,NO2,39.72,河南省,否,4975342.0,2839.3,温带季风气候,华中
平顶山,201405,O3,84.25,河南省,否,4975342.0,2839.3,温带季风气候,华中
平顶山,201405,PM10,148.41,河南省,否,4975342.0,2839.3,温带季风气候,华中
平顶山,201405,PM2.5,70.75,河南省,否,4975342.0,2839.3,温带季风气候,华中
平顶山,201405,SO2,51.09,河南省,否,4975342.0,2839.3,温带季风气候,华中
广州,201405,AQI,50.24,广东省,是,18676605.0,28839.0,亚热带季风气候,华南
广州,201405,CO,0.93,广东省,是,18676605.0,28839.0,亚热带季风气候,华南
广州,201405,NO2,44.2,广东省,是,18676605.0,28839.0,亚热带季风气候,华南
广州,201405,O3,33.05,广东省,是,18676605.0,28839.0,亚热带季风气候,华南
广州,201405,PM10,51.5,广东省,是,18676605.0,28839.0,亚热带季风气候,华南
广州,201405,PM2.5,33.23,广东省,是,18676605.0,28839.0,亚热带季风气候,华南
广州,201405,SO2,18.37,广东省,是,18676605.0,28839.0,亚热带季风气候,华南
库尔勒,201405,AQI,166.53,新疆维吾尔自治区,否,620000.0,408.3,温带大陆性气候,西北
库尔勒,201405,CO,0.71,新疆维吾尔自治区,否,620000.0,408.3,温带大陆性气候,西北
库尔勒,201405,NO2,24.66,新疆维吾尔自治区,否,620000.0,408.3,温带大陆性气候,西北
库尔勒,201405,O3,80.63,新疆维吾尔自治区,否,620000.0,408.3,温带大陆性气候,西北
库尔勒,201405,PM10,239.94,新疆维吾尔自治区,否,620000.0,408.3,温带大陆性气候,西北
库尔勒,201405,PM2.5,61.21,新疆维吾尔自治区,否,620000.0,408.3,温带大陆性气候,西北
库尔勒,201405,SO2,22.93,新疆维吾尔自治区,否,620000.0,408.3,温带大陆性气候,西北
廊坊,201405,AQI,118.51,河北省,否,5020955.0,3565.3,温带季风气候,华北
廊坊,201405,CO,0.95,河北省,否,5020955.0,3565.3,温带季风气候,华北
廊坊,201405,NO2,40.79,河北省,否,5020955.0,3565.3,温带季风气候,华北
廊坊,201405,O3,95.09,河北省,否,5020955.0,3565.3,温带季风气候,华北
廊坊,201405,PM10,167.67,河北省,否,5020955.0,3565.3,温带季风气候,华北
廊坊,201405,PM2.5,73.88,河北省,否,5020955.0,3565.3,温带季风气候,华北
廊坊,201405,SO2,25.31,河北省,否,5020955.0,3565.3,温带季风气候,华北
延安,201405,AQI,111.05,陕西省,否,2259816.0,1053.5,温带季风气候,西北
延安,201405,CO,1.72,陕西省,否,2259816.0,1053.5,温带季风气候,西北
延安,201405,NO2,54.8,陕西省,否,2259816.0,1053.5,温带季风气候,西北
延安,201405,O3,57.19,陕西省,否,2259816.0,1053.5,温带季风气候,西北
延安,201405,PM10,159.84,陕西省,否,2259816.0,1053.5,温带季风气候,西北
延安,201405,PM2.5,56.83,陕西省,否,2259816.0,1053.5,温带季风气候,西北
延安,201405,SO2,12.12,陕西省,否,2259816.0,1053.5,温带季风气候,西北
开封,201405,AQI,112.99,河南省,否,5435971.0,2657.1,温带季风气候,华中
开封,201405,CO,1.32,河南省,否,5435971.0,2657.1,温带季风气候,华中
开封,201405,NO2,26.64,河南省,否,5435971.0,2657.1,温带季风气候,华中
开封,201405,O3,82.42,河南省,否,5435971.0,2657.1,温带季风气候,华中
开封,201405,PM10,136.72,河南省,否,5435971.0,2657.1,温带季风气候,华中
开封,201405,PM2.5,79.47,河南省,否,5435971.0,2657.1,温带季风气候,华中
开封,201405,SO2,19.93,河南省,否,5435971.0,2657.1,温带季风气候,华中
张家口,201405,AQI,65.46,河北省,否,4410276.0,1603.0,温带季风气候,华北
张家口,201405,CO,0.85,河北省,否,4410276.0,1603.0,温带季风气候,华北
张家口,201405,NO2,17.95,河北省,否,4410276.0,1603.0,温带季风气候,华北
张家口,201405,O3,94.4,河北省,否,4410276.0,1603.0,温带季风气候,华北
张家口,201405,PM10,79.68,河北省,否,4410276.0,1603.0,温带季风气候,华北
张家口,201405,PM2.5,18.23,河北省,否,4410276.0,1603.0,温带季风气候,华北
张家口,201405,SO2,37.2,河北省,否,4410276.0,1603.0,温带季风气候,华北
张家港,201405,AQI,106.72,江苏省,是,1437000.0,2542.5,亚热带季风气候,华东
张家港,201405,CO,0.84,江苏省,是,1437000.0,2542.5,亚热带季风气候,华东
张家港,201405,NO2,39.14,江苏省,是,1437000.0,2542.5,亚热带季风气候,华东
张家港,201405,O3,97.8,江苏省,是,1437000.0,2542.5,亚热带季风气候,华东
张家港,201405,PM10,127.66,江苏省,是,1437000.0,2542.5,亚热带季风气候,华东
张家港,201405,PM2.5,75.75,江苏省,是,1437000.0,2542.5,亚热带季风气候,华东
张家港,201405,SO2,31.27,江苏省,是,1437000.0,2542.5,亚热带季风气候,华东
张家界,201405,AQI,90.85,湖南省,否,1265320.0,502.8,亚热带季风气候,华中
张家界,201405,CO,1.8,湖南省,否,1265320.0,502.8,亚热带季风气候,华中
张家界,201405,NO2,17.65,湖南省,否,1265320.0,502.8,亚热带季风气候,华中
张家界,201405,O3,48.79,湖南省,否,1265320.0,502.8,亚热带季风气候,华中
张家界,201405,PM10,90.14,湖南省,否,1265320.0,502.8,亚热带季风气候,华中
张家界,201405,PM2.5,64.5,湖南省,否,1265320.0,502.8,亚热带季风气候,华中
张家界,201405,SO2,19.08,湖南省,否,1265320.0,502.8,亚热带季风气候,华中
徐州,201405,AQI,111.42,江苏省,否,8716335.0,8457.8,亚热带季风气候,华东
徐州,201405,CO,1.17,江苏省,否,8716335.0,8457.8,亚热带季风气候,华东
徐州,201405,NO2,30.75,江苏省,否,8716335.0,8457.8,亚热带季风气候,华东
徐州,201405,O3,109.14,江苏省,否,8716335.0,8457.8,亚热带季风气候,华东
徐州,201405,PM10,159.63,江苏省,否,8716335.0,8457.8,亚热带季风气候,华东
徐州,201405,PM2.5,72.64,江苏省,否,8716335.0,8457.8,亚热带季风气候,华东
徐州,201405,SO2,35.65,江苏省,否,8716335.0,8457.8,亚热带季风气候,华东
德州,201405,AQI,122.04,山东省,否,5464393.0,3633.1,温带季风气候,华东
德州,201405,CO,1.55,山东省,否,5464393.0,3633.1,温带季风气候,华东
德州,201405,NO2,34.06,山东省,否,5464393.0,3633.1,温带季风气候,华东
德州,201405,O3,67.09,山东省,否,5464393.0,3633.1,温带季风气候,华东
德州,201405,PM10,149.71,山东省,否,5464393.0,3633.1,温带季风气候,华东
德州,201405,PM2.5,88.15,山东省,否,5464393.0,3633.1,温带季风气候,华东
德州,201405,SO2,43.46,山东省,否,5464393.0,3633.1,温带季风气候,华东
德阳,201405,AQI,106.6,四川省,否,3508904.0,2816.9,亚热带季风气候,西南
德阳,201405,CO,0.81,四川省,否,3508904.0,2816.9,亚热带季风气候,西南
德阳,201405,NO2,31.83,四川省,否,3508904.0,2816.9,亚热带季风气候,西南
德阳,201405,O3,85.83,四川省,否,3508904.0,2816.9,亚热带季风气候,西南
德阳,201405,PM10,129.64,四川省,否,3508904.0,2816.9,亚热带季风气候,西南
德阳,201405,PM2.5,76.8,四川省,否,3508904.0,2816.9,亚热带季风气候,西南
德阳,201405,SO2,24.92,四川省,否,3508904.0,2816.9,亚热带季风气候,西南
惠州,201405,AQI,43.39,广东省,是,6042858.0,5401.2,亚热带季风气候,华南
惠州,201405,CO,0.58,广东省,是,6042858.0,5401.2,亚热带季风气候,华南
惠州,201405,NO2,29.64,广东省,是,6042858.0,5401.2,亚热带季风气候,华南
惠州,201405,O3,41.87,广东省,是,6042858.0,5401.2,亚热带季风气候,华南
惠州,201405,PM10,42.78,广东省,是,6042858.0,5401.2,亚热带季风气候,华南
惠州,201405,PM2.5,22.21,广东省,是,6042858.0,5401.2,亚热带季风气候,华南
惠州,201405,SO2,15.13,广东省,是,6042858.0,5401.2,亚热带季风气候,华南
成都,201405,AQI,111.47,四川省,否,20937000.0,20817.5,亚热带季风气候,西南
成都,201405,CO,0.87,四川省,否,20937000.0,20817.5,亚热带季风气候,西南
成都,201405,NO2,55.4,四川省,否,20937000.0,20817.5,亚热带季风气候,西南
成都,201405,O3,79.25,四川省,否,20937000.0,20817.5,亚热带季风气候,西南
成都,201405,PM10,138.16,四川省,否,20937000.0,20817.5,亚热带季风气候,西南
成都,201405,PM2.5,80.87,四川省,否,20937000.0,20817.5,亚热带季风气候,西南
成都,201405,SO2,13.96,四川省,否,20937000.0,20817.5,亚热带季风气候,西南
扬州,201405,AQI,140.17,江苏省,否,4599566.0,7105.0,亚热带季风气候,华东
扬州,201405,CO,0.97,江苏省,否,4599566.0,7105.0,亚热带季风气候,华东
扬州,201405,NO2,40.83,江苏省,否,4599566.0,7105.0,亚热带季风气候,华东
扬州,201405,O3,103.23,江苏省,否,4599566.0,7105.0,亚热带季风气候,华东
扬州,201405,PM10,176.87,江苏省,否,4599566.0,7105.0,亚热带季风气候,华东
扬州,201405,PM2.5,99.07,江苏省,否,4599566.0,7105.0,亚热带季风气候,华东
扬州,201405,SO2,45.55,江苏省,否,4599566.0,7105.0,亚热带季风气候,华东
承德,201405,AQI,80.62,河北省,否,3464400.0,1310.1,温带季风气候,华北
承德,201405,CO,0.79,河北省,否,3464400.0,1310.1,温带季风气候,华北
承德,201405,NO2,34.59,河北省,否,3464400.0,1310.1,温带季风气候,华北
承德,201405,O3,89.18,河北省,否,3464400.0,1310.1,温带季风气候,华北
承德,201405,PM10,104.87,河北省,否,3464400.0,1310.1,温带季风气候,华北
承德,201405,PM2.5,34.47,河北省,否,3464400.0,1310.1,温带季风气候,华北
承德,201405,SO2,27.93,河北省,否,3464400.0,1310.1,温带季风气候,华北
抚顺,201405,AQI,73.44,辽宁省,否,1812700.0,771.9,温带季风气候,东北
抚顺,201405,CO,0.95,辽宁省,否,1812700.0,771.9,温带季风气候,东北
抚顺,201405,NO2,38.49,辽宁省,否,1812700.0,771.9,温带季风气候,东北
抚顺,201405,O3,84.22,辽宁省,否,1812700.0,771.9,温带季风气候,东北
抚顺,201405,PM10,88.35,辽宁省,否,1812700.0,771.9,温带季风气候,东北
抚顺,201405,PM2.5,43.38,辽宁省,否,1812700.0,771.9,温带季风气候,东北
抚顺,201405,SO2,24.8,辽宁省,否,1812700.0,771.9,温带季风气候,东北
拉萨,201405,AQI,55.83,西藏自治区,否,867500.0,747.6,高原高寒气候,西南
拉萨,201405,CO,1.14,西藏自治区,否,867500.0,747.6,高原高寒气候,西南
拉萨,201405,NO2,14.48,西藏自治区,否,867500.0,747.6,高原高寒气候,西南
拉萨,201405,O3,113.43,西藏自治区,否,867500.0,747.6,高原高寒气候,西南
拉萨,201405,PM10,61.94,西藏自治区,否,867500.0,747.6,高原高寒气候,西南
拉萨,201405,PM2.5,25.0,西藏自治区,否,867500.0,747.6,高原高寒气候,西南
拉萨,201405,SO2,13.75,西藏自治区,否,867500.0,747.6,高原高寒气候,西南
招远,201405,AQI,103.79,山东省,否,563900.0,503.4,温带季风气候,华东
招远,201405,CO,0.59,山东省,否,563900.0,503.4,温带季风气候,华东
招远,201405,NO2,32.71,山东省,否,563900.0,503.4,温带季风气候,华东
招远,201405,O3,102.27,山东省,否,563900.0,503.4,温带季风气候,华东
招远,201405,PM10,141.81,山东省,否,563900.0,503.4,温带季风气候,华东
招远,201405,PM2.5,65.73,山东省,否,563900.0,503.4,温带季风气候,华东
招远,201405,SO2,48.98,山东省,否,563900.0,503.4,温带季风气候,华东
揭阳,201405,AQI,60.94,广东省,是,6090236.0,1318.2,亚热带季风气候,华南
揭阳,201405,CO,1.25,广东省,是,6090236.0,1318.2,亚热带季风气候,华南
揭阳,201405,NO2,26.51,广东省,是,6090236.0,1318.2,亚热带季风气候,华南
揭阳,201405,O3,52.31,广东省,是,6090236.0,1318.2,亚热带季风气候,华南
揭阳,201405,PM10,63.04,广东省,是,6090236.0,1318.2,亚热带季风气候,华南
揭阳,201405,PM2.5,41.27,广东省,是,6090236.0,1318.2,亚热带季风气候,华南
揭阳,201405,SO2,27.45,广东省,是,6090236.0,1318.2,亚热带季风气候,华南
攀枝花,201405,AQI,57.1,四川省,否,1210325.0,1220.5,亚热带季风气候,西南
攀枝花,201405,CO,1.27,四川省,否,1210325.0,1220.5,亚热带季风气候,西南
攀枝花,201405,NO2,21.74,四川省,否,1210325.0,1220.5,亚热带季风气候,西南
攀枝花,201405,O3,80.32,四川省,否,1210325.0,1220.5,亚热带季风气候,西南
攀枝花,201405,PM10,64.3,四川省,否,1210325.0,1220.5,亚热带季风气候,西南
攀枝花,201405,PM2.5,30.65,四川省,否,1210325.0,1220.5,亚热带季风气候,西南
攀枝花,201405,SO2,24.75,四川省,否,1210325.0,1220.5,亚热带季风气候,西南
文登,201405,AQI,81.95,山东省,否,300000.0,293.5,温带季风气候,华东
文登,201405,CO,1.16,山东省,否,300000.0,293.5,温带季风气候,华东
文登,201405,NO2,22.9,山东省,否,300000.0,293.5,温带季风气候,华东
文登,201405,O3,102.33,山东省,否,300000.0,293.5,温带季风气候,华东
文登,201405,PM10,97.57,山东省,否,300000.0,293.5,温带季风气候,华东
文登,201405,PM2.5,52.73,山东省,否,300000.0,293.5,温带季风气候,华东
文登,201405,SO2,21.91,山东省,否,300000.0,293.5,温带季风气候,华东
无锡,201405,AQI,113.12,江苏省,否,7461230.0,14850.8,亚热带季风气候,华东
无锡,201405,CO,1.08,江苏省,否,7461230.0,14850.8,亚热带季风气候,华东
无锡,201405,NO2,45.1,江苏省,否,7461230.0,14850.8,亚热带季风气候,华东
无锡,201405,O3,99.14,江苏省,否,7461230.0,14850.8,亚热带季风气候,华东
无锡,201405,PM10,147.98,江苏省,否,7461230.0,14850.8,亚热带季风气候,华东
无锡,201405,PM2.5,79.9,江苏省,否,7461230.0,14850.8,亚热带季风气候,华东
无锡,201405,SO2,27.45,江苏省,否,7461230.0,14850.8,亚热带季风气候,华东
日照,201405,AQI,103.76,山东省,是,3001244.0,1313.0,温带季风气候,华东
日照,201405,CO,0.88,山东省,是,3001244.0,1313.0,温带季风气候,华东
日照,201405,NO2,40.02,山东省,是,3001244.0,1313.0,温带季风气候,华东
日照,201405,O3,69.57,山东省,是,3001244.0,1313.0,温带季风气候,华东
日照,201405,PM10,147.14,山东省,是,3001244.0,1313.0,温带季风气候,华东
日照,201405,PM2.5,66.71,山东省,是,3001244.0,1313.0,温带季风气候,华东
日照,201405,SO2,27.67,山东省,是,3001244.0,1313.0,温带季风气候,华东
昆山,201405,AQI,97.48,江苏省,否,1668000.0,4745.0,亚热带季风气候,华东
昆山,201405,CO,1.14,江苏省,否,1668000.0,4745.0,亚热带季风气候,华东
昆山,201405,NO2,47.62,江苏省,否,1668000.0,4745.0,亚热带季风气候,华东
昆山,201405,O3,88.64,江苏省,否,1668000.0,4745.0,亚热带季风气候,华东
昆山,201405,PM10,125.14,江苏省,否,1668000.0,4745.0,亚热带季风气候,华东
昆山,201405,PM2.5,65.94,江苏省,否,1668000.0,4745.0,亚热带季风气候,华东
昆山,201405,SO2,41.8,江苏省,否,1668000.0,4745.0,亚热带季风气候,华东
昆明,201405,AQI,58.73,云南省,否,8465000.0,7541.4,亚热带季风气候,西南
昆明,201405,CO,1.02,云南省,否,8465000.0,7541.4,亚热带季风气候,西南
昆明,201405,NO2,31.92,云南省,否,8465000.0,7541.4,亚热带季风气候,西南
昆明,201405,O3,71.68,云南省,否,8465000.0,7541.4,亚热带季风气候,西南
昆明,201405,PM10,65.59,云南省,否,8465000.0,7541.4,亚热带季风气候,西南
昆明,201405,PM2.5,32.79,云南省,否,8465000.0,7541.4,亚热带季风气候,西南
昆明,201405,SO2,15.52,云南省,否,8465000.0,7541.4,亚热带季风气候,西南
曲靖,201405,AQI,53.57,云南省,否,5765800.0,3393.9,亚热带季风气候,西南
曲靖,201405,CO,1.58,云南省,否,5765800.0,3393.9,亚热带季风气候,西南
曲靖,201405,NO2,18.6,云南省,否,5765800.0,3393.9,亚热带季风气候,西南
曲靖,201405,O3,85.09,云南省,否,5765800.0,3393.9,亚热带季风气候,西南
曲靖,201405,PM10,54.99,云南省,否,5765800.0,3393.9,亚热带季风气候,西南
曲靖,201405,PM2.5,31.34,云南省,否,5765800.0,3393.9,亚热带季风气候,西南
曲靖,201405,SO2,24.22,云南省,否,5765800.0,3393.9,亚热带季风气候,西南
本溪,201405,AQI,67.31,辽宁省,否,1326018.0,930.8,温带季风气候,东北
本溪,201405,CO,1.64,辽宁省,否,1326018.0,930.8,温带季风气候,东北
本溪,201405,NO2,35.35,辽宁省,否,1326018.0,930.8,温带季风气候,东北
本溪,201405,O3,75.35,辽宁省,否,1326018.0,930.8,温带季风气候,东北
本溪,201405,PM10,79.08,辽宁省,否,1326018.0,930.8,温带季风气候,东北
本溪,201405,PM2.5,39.44,辽宁省,否,1326018.0,930.8,温带季风气候,东北
本溪,201405,SO2,24.27,辽宁省,否,1326018.0,930.8,温带季风气候,东北
杭州,201405,AQI,95.27,,,,,,
杭州,201405,CO,0.87,,,,,,
杭州,201405,NO2,48.37,,,,,,
杭州,201405,O3,72.92,,,,,,
杭州,201405,PM10,124.96,,,,,,
杭州,201405,PM2.5,64.76,,,,,,
杭州,201405,SO2,17.73,,,,,,
枣庄,201405,AQI,125.59,山东省,否,3855601.0,2039.0,温带季风气候,华东
枣庄,201405,CO,0.83,山东省,否,3855601.0,2039.0,温带季风气候,华东
枣庄,201405,NO2,41.44,山东省,否,3855601.0,2039.0,温带季风气候,华东
枣庄,201405,O3,124.98,山东省,否,3855601.0,2039.0,温带季风气候,华东
枣庄,201405,PM10,194.92,山东省,否,3855601.0,2039.0,温带季风气候,华东
枣庄,201405,PM2.5,79.95,山东省,否,3855601.0,2039.0,温带季风气候,华东
枣庄,201405,SO2,70.16,山东省,否,3855601.0,2039.0,温带季风气候,华东
柳州,201405,AQI,76.41,,,,,,
柳州,201405,CO,1.04,,,,,,
柳州,201405,NO2,25.8,,,,,,
柳州,201405,O3,75.53,,,,,,
柳州,201405,PM10,80.86,,,,,,
柳州,201405,PM2.5,54.02,,,,,,
柳州,201405,SO2,28.9,,,,,,
株洲,201405,AQI,105.0,,,,,,
株洲,201405,CO,1.08,,,,,,
株洲,201405,NO2,32.63,,,,,,
株洲,201405,O3,47.81,,,,,,
株洲,201405,PM10,127.02,,,,,,
株洲,201405,PM2.5,75.19,,,,,,
株洲,201405,SO2,40.86,,,,,,
桂林,201405,AQI,83.38,,,,,,
桂林,201405,CO,1.3,,,,,,
桂林,201405,NO2,28.71,,,,,,
桂林,201405,O3,46.74,,,,,,
桂林,201405,PM10,91.7,,,,,,
桂林,201405,PM2.5,59.71,,,,,,
桂林,201405,SO2,16.35,,,,,,
梅州,201405,AQI,41.28,广东省,否,4087995.0,1312.0,亚热带季风气候,华南
梅州,201405,AQI,41.28,广东省,否,4087995.0,1312.0,亚热带季风气候,华南
梅州,201405,CO,0.97,广东省,否,4087995.0,1312.0,亚热带季风气候,华南
梅州,201405,CO,0.97,广东省,否,4087995.0,1312.0,亚热带季风气候,华南
梅州,201405,NO2,17.99,广东省,否,4087995.0,1312.0,亚热带季风气候,华南
梅州,201405,NO2,17.99,广东省,否,4087995.0,1312.0,亚热带季风气候,华南
梅州,201405,O3,42.12,广东省,否,4087995.0,1312.0,亚热带季风气候,华南
梅州,201405,O3,42.12,广东省,否,4087995.0,1312.0,亚热带季风气候,华南
梅州,201405,PM10,42.27,广东省,否,4087995.0,1312.0,亚热带季风气候,华南
梅州,201405,PM10,42.27,广东省,否,4087995.0,1312.0,亚热带季风气候,华南
梅州,201405,PM2.5,19.87,广东省,否,4087995.0,1312.0,亚热带季风气候,华南
梅州,201405,PM2.5,19.87,广东省,否,4087995.0,1312.0,亚热带季风气候,华南
梅州,201405,SO2,16.7,广东省,否,4087995.0,1312.0,亚热带季风气候,华南
梅州,201405,SO2,16.7,广东省,否,4087995.0,1312.0,亚热带季风气候,华南
武汉,201405,AQI,128.26,湖北省,否,12528478.0,18866.4,亚热带季风气候,华中
武汉,201405,CO,1.1,湖北省,否,12528478.0,18866.4,亚热带季风气候,华中
武汉,201405,NO2,61.49,湖北省,否,12528478.0,18866.4,亚热带季风气候,华中
武汉,201405,O3,61.75,湖北省,否,12528478.0,18866.4,亚热带季风气候,华中
武汉,201405,PM10,158.58,湖北省,否,12528478.0,18866.4,亚热带季风气候,华中
武汉,201405,PM2.5,89.01,湖北省,否,12528478.0,18866.4,亚热带季风气候,华中
武汉,201405,SO2,29.88,湖北省,否,12528478.0,18866.4,亚热带季风气候,华中
汕头,201405,AQI,47.49,广东省,是,5502031.0,3017.4,亚热带季风气候,华南
汕头,201405,CO,0.87,广东省,是,5502031.0,3017.4,亚热带季风气候,华南
汕头,201405,NO2,19.17,广东省,是,5502031.0,3017.4,亚热带季风气候,华南
汕头,201405,O3,48.18,广东省,是,5502031.0,3017.4,亚热带季风气候,华南
汕头,201405,PM10,53.53,广东省,是,5502031.0,3017.4,亚热带季风气候,华南
汕头,201405,PM2.5,26.4,广东省,是,5502031.0,3017.4,亚热带季风气候,华南
汕头,201405,SO2,12.3,广东省,是,5502031.0,3017.4,亚热带季风气候,华南
汕尾,201405,AQI,29.49,广东省,是,1832289.0,1322.0,亚热带季风气候,华南
汕尾,201405,CO,0.81,广东省,是,1832289.0,1322.0,亚热带季风气候,华南
汕尾,201405,NO2,11.95,广东省,是,1832289.0,1322.0,亚热带季风气候,华南
汕尾,201405,O3,48.46,广东省,是,1832289.0,1322.0,亚热带季风气候,华南
汕尾,201405,PM10,28.26,广东省,是,1832289.0,1322.0,亚热带季风气候,华南
汕尾,201405,PM2.5,13.16,广东省,是,1832289.0,1322.0,亚热带季风气候,华南
汕尾,201405,SO2,7.21,广东省,是,1832289.0,1322.0,亚热带季风气候,华南
江门,201405,AQI,40.37,广东省,是,4602363.0,3773.4,亚热带季风气候,华南
江门,201405,CO,0.84,广东省,是,4602363.0,3773.4,亚热带季风气候,华南
江门,201405,NO2,13.37,广东省,是,4602363.0,3773.4,亚热带季风气候,华南
江门,201405,O3,23.15,广东省,是,4602363.0,3773.4,亚热带季风气候,华南
江门,201405,PM10,43.76,广东省,是,4602363.0,3773.4,亚热带季风气候,华南
江门,201405,PM2.5,20.1,广东省,是,4602363.0,3773.4,亚热带季风气候,华南
江门,201405,SO2,16.76,广东省,是,4602363.0,3773.4,亚热带季风气候,华南
江阴,201405,AQI,125.08,江苏省,否,1636000.0,2200.0,亚热带季风气候,华东
江阴,201405,CO,1.25,江苏省,否,1636000.0,2200.0,亚热带季风气候,华东
江阴,201405,NO2,64.98,江苏省,否,1636000.0,2200.0,亚热带季风气候,华东
江阴,201405,O3,96.44,江苏省,否,1636000.0,2200.0,亚热带季风气候,华东
江阴,201405,PM10,157.69,江苏省,否,1636000.0,2200.0,亚热带季风气候,华东
江阴,201405,PM2.5,88.56,江苏省,否,1636000.0,2200.0,亚热带季风气候,华东
江阴,201405,SO2,60.32,江苏省,否,1636000.0,2200.0,亚热带季风气候,华东
沈阳,201405,AQI,80.59,辽宁省,否,9109000.0,7695.8,温带季风气候,东北
沈阳,201405,CO,0.92,辽宁省,否,9109000.0,7695.8,温带季风气候,东北
沈阳,201405,NO2,48.59,辽宁省,否,9109000.0,7695.8,温带季风气候,东北
沈阳,201405,O3,78.22,辽宁省,否,9109000.0,7695.8,温带季风气候,东北
沈阳,201405,PM10,96.44,辽宁省,否,9109000.0,7695.8,温带季风气候,东北
沈阳,201405,PM2.5,47.82,辽宁省,否,9109000.0,7695.8,温带季风气候,东北
沈阳,201405,SO2,27.7,辽宁省,否,9109000.0,7695.8,温带季风气候,东北
沧州,201405,AQI,129.29,河北省,是,7332760.0,4388.2,温带季风气候,华北
沧州,201405,CO,0.94,河北省,是,7332760.0,4388.2,温带季风气候,华北
沧州,201405,NO2,29.55,河北省,是,7332760.0,4388.2,温带季风气候,华北
沧州,201405,O3,109.66,河北省,是,7332760.0,4388.2,温带季风气候,华北
沧州,201405,PM10,154.33,河北省,是,7332760.0,4388.2,温带季风气候,华北
沧州,201405,PM2.5,81.54,河北省,是,7332760.0,4388.2,温带季风气候,华北
沧州,201405,SO2,39.39,河北省,是,7332760.0,4388.2,温带季风气候,华北
河源,201405,AQI,42.67,,,,,,
河源,201405,CO,0.93,,,,,,
河源,201405,NO2,27.1,,,,,,
河源,201405,O3,46.66,,,,,,
河源,201405,PM10,40.61,,,,,,
河源,201405,PM2.5,27.48,,,,,,
河源,201405,SO2,12.29,,,,,,
泉州,201405,AQI,67.16,福建省,是,8664185.0,12103.0,亚热带季风气候,华东
泉州,201405,CO,1.03,福建省,是,8664185.0,12103.0,亚热带季风气候,华东
泉州,201405,NO2,25.38,福建省,是,8664185.0,12103.0,亚热带季风气候,华东
泉州,201405,O3,35.0,福建省,是,8664185.0,12103.0,亚热带季风气候,华东
泉州,201405,PM10,82.39,福建省,是,8664185.0,12103.0,亚热带季风气候,华东
泉州,201405,PM2.5,39.91,福建省,是,8664185.0,12103.0,亚热带季风气候,华东
泉州,201405,SO2,6.21,福建省,是,8664185.0,12103.0,亚热带季风气候,华东
泰安,201405,AQI,98.04,山东省,否,5407181.0,3198.1,温带季风气候,华东
泰安,201405,CO,1.16,山东省,否,5407181.0,3198.1,温带季风气候,华东
泰安,201405,NO2,46.24,山东省,否,5407181.0,3198.1,温带季风气候,华东
泰安,201405,O3,72.61,山东省,否,5407181.0,3198.1,温带季风气候,华东
泰安,201405,PM10,121.63,山东省,否,5407181.0,3198.1,温带季风气候,华东
泰安,201405,PM2.5,68.63,山东省,否,5407181.0,3198.1,温带季风气候,华东
泰安,201405,SO2,43.92,山东省,否,5407181.0,3198.1,温带季风气候,华东
泰州,201405,AQI,134.27,江苏省,否,4654225.0,6401.8,亚热带季风气候,华东
泰州,201405,CO,1.52,江苏省,否,4654225.0,6401.8,亚热带季风气候,华东
泰州,201405,NO2,29.87,江苏省,否,4654225.0,6401.8,亚热带季风气候,华东
泰州,201405,O3,70.4,江苏省,否,4654225.0,6401.8,亚热带季风气候,华东
泰州,201405,PM10,176.13,江苏省,否,4654225.0,6401.8,亚热带季风气候,华东
泰州,201405,PM2.5,95.83,江苏省,否,4654225.0,6401.8,亚热带季风气候,华东
泰州,201405,SO2,39.44,江苏省,否,4654225.0,6401.8,亚热带季风气候,华东
泸州,201405,AQI,95.1,四川省,否,4255064.0,2601.5,亚热带季风气候,西南
泸州,201405,CO,0.87,四川省,否,4255064.0,2601.5,亚热带季风气候,西南
泸州,201405,NO2,32.21,四川省,否,4255064.0,2601.5,亚热带季风气候,西南
泸州,201405,O3,60.39,四川省,否,4255064.0,2601.5,亚热带季风气候,西南
泸州,201405,PM10,110.44,四川省,否,4255064.0,2601.5,亚热带季风气候,西南
泸州,201405,PM2.5,67.61,四川省,否,4255064.0,2601.5,亚热带季风气候,西南
泸州,201405,SO2,22.83,四川省,否,4255064.0,2601.5,亚热带季风气候,西南
洛阳,201405,AQI,92.44,河南省,否,6219766.0,5675.2,温带季风气候,华中
洛阳,201405,CO,1.77,河南省,否,6219766.0,5675.2,温带季风气候,华中
洛阳,201405,NO2,48.2,河南省,否,6219766.0,5675.2,温带季风气候,华中
洛阳,201405,O3,91.52,河南省,否,6219766.0,5675.2,温带季风气候,华中
洛阳,201405,PM10,124.95,河南省,否,6219766.0,5675.2,温带季风气候,华中
洛阳,201405,PM2.5,51.9,河南省,否,6219766.0,5675.2,温带季风气候,华中
洛阳,201405,SO2,39.85,河南省,否,6219766.0,5675.2,温带季风气候,华中
济南,201405,AQI,121.67,山东省,否,9204448.0,12027.5,温带季风气候,华东
济南,201405,CO,1.01,山东省,否,9204448.0,12027.5,温带季风气候,华东
济南,201405,NO2,45.09,山东省,否,9204448.0,12027.5,温带季风气候,华东
济南,201405,O3,121.83,山东省,否,9204448.0,12027.5,温带季风气候,华东
济南,201405,PM10,186.3,山东省,否,9204448.0,12027.5,温带季风气候,华东
济南,201405,PM2.5,73.55,山东省,否,9204448.0,12027.5,温带季风气候,华东
济南,201405,SO2,52.65,山东省,否,9204448.0,12027.5,温带季风气候,华东
济宁,201405,AQI,115.94,山东省,否,8313917.0,5316.9,温带季风气候,华东
济宁,201405,CO,0.94,山东省,否,8313917.0,5316.9,温带季风气候,华东
济宁,201405,NO2,32.75,山东省,否,8313917.0,5316.9,温带季风气候,华东
济宁,201405,O3,111.78,山东省,否,8313917.0,5316.9,温带季风气候,华东
济宁,201405,PM10,157.68,山东省,否,8313917.0,5316.9,温带季风气候,华东
济宁,201405,PM2.5,77.8,山东省,否,8313917.0,5316.9,温带季风气候,华东
济宁,201405,SO2,61.37,山东省,否,8313917.0,5316.9,温带季风气候,华东
海口,201405,AQI,31.93,海南省,是,2830000.0,1732.9,热带季风气候,华南
海口,201405,CO,0.65,海南省,是,2830000.0,1732.9,热带季风气候,华南
海口,201405,NO2,16.18,海南省,是,2830000.0,1732.9,热带季风气候,华南
海口,201405,O3,33.21,海南省,是,2830000.0,1732.9,热带季风气候,华南
海口,201405,PM10,31.16,海南省,是,2830000.0,1732.9,热带季风气候,华南
海口,201405,PM2.5,14.3,海南省,是,2830000.0,1732.9,热带季风气候,华南
海口,201405,SO2,5.11,海南省,是,2830000.0,1732.9,热带季风气候,华南
海门,201405,AQI,98.81,江苏省,是,972500.0,748.8,亚热带季风气候,华东
海门,201405,CO,0.61,江苏省,是,972500.0,748.8,亚热带季风气候,华东
海门,201405,NO2,31.65,江苏省,是,972500.0,748.8,亚热带季风气候,华东
海门,201405,O3,101.86,江苏省,是,972500.0,748.8,亚热带季风气候,华东
海门,201405,PM10,121.74,江苏省,是,972500.0,748.8,亚热带季风气候,华东
海门,201405,PM2.5,66.53,江苏省,是,972500.0,748.8,亚热带季风气候,华东
海门,201405,SO2,25.42,江苏省,是,972500.0,748.8,亚热带季风气候,华东
淄博,201405,AQI,126.52,山东省,否,4704000.0,4402.6,温带季风气候,华东
淄博,201405,CO,1.77,山东省,否,4704000.0,4402.6,温带季风气候,华东
淄博,201405,NO2,63.89,山东省,否,4704000.0,4402.6,温带季风气候,华东
淄博,201405,O3,97.6,山东省,否,4704000.0,4402.6,温带季风气候,华东
淄博,201405,PM10,187.88,山东省,否,4704000.0,4402.6,温带季风气候,华东
淄博,201405,PM2.5,80.2,山东省,否,4704000.0,4402.6,温带季风气候,华东
淄博,201405,SO2,110.39,山东省,否,4704000.0,4402.6,温带季风气候,华东
淮安,201405,AQI,112.06,江苏省,否,4343659.0,4742.4,亚热带季风气候,华东
淮安,201405,CO,1.27,江苏省,否,4343659.0,4742.4,亚热带季风气候,华东
淮安,201405,NO2,22.76,江苏省,否,4343659.0,4742.4,亚热带季风气候,华东
淮安,201405,O3,127.14,江苏省,否,4343659.0,4742.4,亚热带季风气候,华东
淮安,201405,PM10,153.23,江苏省,否,4343659.0,4742.4,亚热带季风气候,华东
淮安,201405,PM2.5,73.29,江苏省,否,4343659.0,4742.4,亚热带季风气候,华东
淮安,201405,SO2,40.93,江苏省,否,4343659.0,4742.4,亚热带季风气候,华东
深圳,201405,AQI,32.71,广东省,是,17494398.0,32387.7,亚热带季风气候,华南
深圳,201405,CO,0.9,广东省,是,17494398.0,32387.7,亚热带季风气候,华南
深圳,201405,NO2,28.57,广东省,是,17494398.0,32387.7,亚热带季风气候,华南
深圳,201405,O3,29.98,广东省,是,17494398.0,32387.7,亚热带季风气候,华南
深圳,201405,PM10,32.87,广东省,是,17494398.0,32387.7,亚热带季风气候,华南
深圳,201405,PM2.5,15.12,广东省,是,17494398.0,32387.7,亚热带季风气候,华南
深圳,201405,SO2,6.84,广东省,是,17494398.0,32387.7,亚热带季风气候,华南
清远,201405,AQI,52.69,广东省,否,2698747.0,1005.8,亚热带季风气候,华南
清远,201405,CO,1.42,广东省,否,2698747.0,1005.8,亚热带季风气候,华南
清远,201405,NO2,32.13,广东省,否,2698747.0,1005.8,亚热带季风气候,华南
清远,201405,O3,42.52,广东省,否,2698747.0,1005.8,亚热带季风气候,华南
清远,201405,PM10,49.45,广东省,否,2698747.0,1005.8,亚热带季风气候,华南
清远,201405,PM2.5,34.29,广东省,否,2698747.0,1005.8,亚热带季风气候,华南
清远,201405,SO2,33.53,广东省,否,2698747.0,1005.8,亚热带季风气候,华南
温州,201405,AQI,80.44,浙江省,是,9121925.0,8029.8,亚热带季风气候,华东
温州,201405,CO,1.27,浙江省,是,9121925.0,8029.8,亚热带季风气候,华东
温州,201405,NO2,68.17,浙江省,是,9121925.0,8029.8,亚热带季风气候,华东
温州,201405,O3,49.26,浙江省,是,9121925.0,8029.8,亚热带季风气候,华东
温州,201405,PM10,93.29,浙江省,是,9121925.0,8029.8,亚热带季风气候,华东
温州,201405,PM2.5,58.83,浙江省,是,9121925.0,8029.8,亚热带季风气候,华东
温州,201405,SO2,19.11,浙江省,是,9121925.0,8029.8,亚热带季风气候,华东
渭南,201405,AQI,105.03,陕西省,否,3145858.0,1174.9,温带季风气候,西北
渭南,201405,CO,0.62,陕西省,否,3145858.0,1174.9,温带季风气候,西北
渭南,201405,NO2,42.23,陕西省,否,3145858.0,1174.9,温带季风气候,西北
渭南,201405,O3,51.02,陕西省,否,3145858.0,1174.9,温带季风气候,西北
渭南,201405,PM10,148.53,陕西省,否,3145858.0,1174.9,温带季风气候,西北
渭南,201405,PM2.5,56.58,陕西省,否,3145858.0,1174.9,温带季风气候,西北
渭南,201405,SO2,21.11,陕西省,否,3145858.0,1174.9,温带季风气候,西北
湖州,201405,AQI,103.94,浙江省,否,3300937.0,3850.0,亚热带季风气候,华东
湖州,201405,CO,0.85,浙江省,否,3300937.0,3850.0,亚热带季风气候,华东
湖州,201405,NO2,49.57,浙江省,否,3300937.0,3850.0,亚热带季风气候,华东
湖州,201405,O3,65.03,浙江省,否,3300937.0,3850.0,亚热带季风气候,华东
湖州,201405,PM10,127.46,浙江省,否,3300937.0,3850.0,亚热带季风气候,华东
湖州,201405,PM2.5,73.87,浙江省,否,3300937.0,3850.0,亚热带季风气候,华东
湖州,201405,SO2,27.38,浙江省,否,3300937.0,3850.0,亚热带季风气候,华东
湘潭,201405,AQI,104.25,湖南省,否,2746495.0,2697.5,亚热带季风气候,华中
湘潭,201405,CO,1.01,湖南省,否,2746495.0,2697.5,亚热带季风气候,华中
湘潭,201405,NO2,41.93,湖南省,否,2746495.0,2697.5,亚热带季风气候,华中
湘潭,201405,O3,45.36,湖南省,否,2746495.0,2697.5,亚热带季风气候,华中
湘潭,201405,PM10,131.67,湖南省,否,2746495.0,2697.5,亚热带季风气候,华中
湘潭,201405,PM2.5,75.04,湖南省,否,2746495.0,2697.5,亚热带季风气候,华中
湘潭,201405,SO2,26.91,湖南省,否,2746495.0,2697.5,亚热带季风气候,华中
湛江,201405,AQI,35.19,广东省,是,7090668.0,3712.6,亚热带季风气候,华南
湛江,201405,CO,1.0,广东省,是,7090668.0,3712.6,亚热带季风气候,华南
湛江,201405,NO2,15.14,广东省,是,7090668.0,3712.6,亚热带季风气候,华南
湛江,201405,O3,47.94,广东省,是,7090668.0,3712.6,亚热带季风气候,华南
湛江,201405,PM10,35.56,广东省,是,7090668.0,3712.6,亚热带季风气候,华南
湛江,201405,PM2.5,15.94,广东省,是,7090668.0,3712.6,亚热带季风气候,华南
湛江,201405,SO2,14.38,广东省,是,7090668.0,3712.6,亚热带季风气候,华南
溧阳,201405,AQI,131.74,江苏省,否,806859.0,502.3,亚热带季风气候,华东
溧阳,201405,CO,0.75,江苏省,否,806859.0,502.3,亚热带季风气候,华东
溧阳,201405,NO2,43.13,江苏省,否,806859.0,502.3,亚热带季风气候,华东
溧阳,201405,O3,105.04,江苏省,否,806859.0,502.3,亚热带季风气候,华东
溧阳,201405,PM10,159.44,江苏省,否,806859.0,502.3,亚热带季风气候,华东
溧阳,201405,PM2.5,95.07,江苏省,否,806859.0,502.3,亚热带季风气候,华东
溧阳,201405,SO2,31.49,江苏省,否,806859.0,502.3,亚热带季风气候,华东
滨州,201405,AQI,127.02,山东省,是,3929578.0,3309.7,温带季风气候,华东
滨州,201405,CO,2.17,山东省,是,3929578.0,3309.7,温带季风气候,华东
滨州,201405,NO2,49.42,山东省,是,3929578.0,3309.7,温带季风气候,华东
滨州,201405,O3,59.72,山东省,是,3929578.0,3309.7,温带季风气候,华东
滨州,201405,PM10,159.99,山东省,是,3929578.0,3309.7,温带季风气候,华东
滨州,201405,PM2.5,88.94,山东省,是,3929578.0,3309.7,温带季风气候,华东
滨州,201405,SO2,76.04,山东省,是,3929578.0,3309.7,温带季风气候,华东
潍坊,201405,AQI,116.04,山东省,是,9345500.0,7306.5,温带季风气候,华东
潍坊,201405,CO,1.01,山东省,是,9345500.0,7306.5,温带季风气候,华东
潍坊,201405,NO2,39.66,山东省,是,9345500.0,7306.5,温带季风气候,华东
潍坊,201405,O3,124.9,山东省,是,9345500.0,7306.5,温带季风气候,华东
潍坊,201405,PM10,170.38,山东省,是,9345500.0,7306.5,温带季风气候,华东
潍坊,201405,PM2.5,67.03,山东省,是,9345500.0,7306.5,温带季风气候,华东
潍坊,201405,SO2,51.51,山东省,是,9345500.0,7306.5,温带季风气候,华东
潮州,201405,AQI,59.69,广东省,否,2654262.0,435.8,亚热带季风气候,华南
潮州,201405,CO,0.62,广东省,否,2654262.0,435.8,亚热带季风气候,华南
潮州,201405,NO2,10.84,广东省,否,2654262.0,435.8,亚热带季风气候,华南
潮州,201405,O3,36.39,广东省,否,2654262.0,435.8,亚热带季风气候,华南
潮州,201405,PM10,58.36,广东省,否,2654262.0,435.8,亚热带季风气候,华南
潮州,201405,PM2.5,39.7,广东省,否,2654262.0,435.8,亚热带季风气候,华南
潮州,201405,SO2,14.03,广东省,否,2654262.0,435.8,亚热带季风气候,华南
烟台,201405,AQI,83.04,山东省,是,7078518.0,9515.9,温带季风气候,华东
烟台,201405,CO,0.59,山东省,是,7078518.0,9515.9,温带季风气候,华东
烟台,201405,NO2,46.54,山东省,是,7078518.0,9515.9,温带季风气候,华东
烟台,201405,O3,102.32,山东省,是,7078518.0,9515.9,温带季风气候,华东
烟台,201405,PM10,107.51,山东省,是,7078518.0,9515.9,温带季风气候,华东
烟台,201405,PM2.5,49.14,山东省,是,7078518.0,9515.9,温带季风气候,华东
烟台,201405,SO2,27.65,山东省,是,7078518.0,9515.9,温带季风气候,华东
焦作,201405,AQI,106.81,河南省,否,3523308.0,1318.0,温带季风气候,华中
焦作,201405,CO,1.17,河南省,否,3523308.0,1318.0,温带季风气候,华中
焦作,201405,NO2,42.06,河南省,否,3523308.0,1318.0,温带季风气候,华中
焦作,201405,O3,71.57,河南省,否,3523308.0,1318.0,温带季风气候,华中
焦作,201405,PM10,145.37,河南省,否,3523308.0,1318.0,温带季风气候,华中
焦作,201405,PM2.5,70.03,河南省,否,3523308.0,1318.0,温带季风气候,华中
焦作,201405,SO2,51.75,河南省,否,3523308.0,1318.0,温带季风气候,华中
牡丹江,201405,AQI,50.8,黑龙江省,否,2290208.0,1027.5,温带季风气候,东北
牡丹江,201405,CO,0.61,黑龙江省,否,2290208.0,1027.5,温带季风气候,东北
牡丹江,201405,NO2,23.09,黑龙江省,否,2290208.0,1027.5,温带季风气候,东北
牡丹江,201405,O3,64.52,黑龙江省,否,2290208.0,1027.5,温带季风气候,东北
牡丹江,201405,PM10,53.75,黑龙江省,否,2290208.0,1027.5,温带季风气候,东北
牡丹江,201405,PM2.5,28.89,黑龙江省,否,2290208.0,1027.5,温带季风气候,东北
牡丹江,201405,SO2,10.18,黑龙江省,否,2290208.0,1027.5,温带季风气候,东北
玉溪,201405,AQI,45.18,云南省,否,2325100.0,1238.1,亚热带季风气候,西南
玉溪,201405,AQI,45.18,云南省,否,2325100.0,1238.1,亚热带季风气候,西南
玉溪,201405,CO,1.85,云南省,否,2325100.0,1238.1,亚热带季风气候,西南
玉溪,201405,CO,1.85,云南省,否,2325100.0,1238.1,亚热带季风气候,西南
玉溪,201405,NO2,18.29,云南省,否,2325100.0,1238.1,亚热带季风气候,西南
玉溪,201405,NO2,18.29,云南省,否,2325100.0,1238.1,亚热带季风气候,西南
玉溪,201405,O3,73.8,云南省,否,2325100.0,1238.1,亚热带季风气候,西南
玉溪,201405,O3,73.8,云南省,否,2325100.0,1238.1,亚热带季风气候,西南
玉溪,201405,PM10,47.88,云南省,否,2325100.0,1238.1,亚热带季风气候,西南
玉溪,201405,PM10,47.88,云南省,否,2325100.0,1238.1,亚热带季风气候,西南
玉溪,201405,PM2.5,23.82,云南省,否,2325100.0,1238.1,亚热带季风气候,西南
玉溪,201405,PM2.5,23.82,云南省,否,2325100.0,1238.1,亚热带季风气候,西南
玉溪,201405,SO2,16.4,云南省,否,2325100.0,1238.1,亚热带季风气候,西南
玉溪,201405,SO2,16.4,云南省,否,2325100.0,1238.1,亚热带季风气候,西南
珠海,201405,AQI,23.31,广东省,是,2439585.0,4045.5,亚热带季风气候,华南
珠海,201405,CO,0.72,广东省,是,2439585.0,4045.5,亚热带季风气候,华南
珠海,201405,NO2,19.73,广东省,是,2439585.0,4045.5,亚热带季风气候,华南
珠海,201405,O3,39.5,广东省,是,2439585.0,4045.5,亚热带季风气候,华南
珠海,201405,PM10,23.08,广东省,是,2439585.0,4045.5,亚热带季风气候,华南
珠海,201405,PM2.5,9.66,广东省,是,2439585.0,4045.5,亚热带季风气候,华南
珠海,201405,SO2,6.36,广东省,是,2439585.0,4045.5,亚热带季风气候,华南
瓦房店,201405,AQI,74.12,辽宁省,是,902934.0,380.0,温带季风气候,东北
瓦房店,201405,CO,0.34,辽宁省,是,902934.0,380.0,温带季风气候,东北
瓦房店,201405,NO2,19.37,辽宁省,是,902934.0,380.0,温带季风气候,东北
瓦房店,201405,O3,80.35,辽宁省,是,902934.0,380.0,温带季风气候,东北
瓦房店,201405,PM10,88.65,辽宁省,是,902934.0,380.0,温带季风气候,东北
瓦房店,201405,PM2.5,41.52,辽宁省,是,902934.0,380.0,温带季风气候,东北
瓦房店,201405,SO2,10.15,辽宁省,是,902934.0,380.0,温带季风气候,东北
盐城,201405,AQI,112.22,江苏省,是,7099135.0,7079.8,亚热带季风气候,华东
盐城,201405,CO,0.8,江苏省,是,7099135.0,7079.8,亚热带季风气候,华东
盐城,201405,NO2,21.96,江苏省,是,7099135.0,7079.8,亚热带季风气候,华东
盐城,201405,O3,110.81,江苏省,是,7099135.0,7079.8,亚热带季风气候,华东
盐城,201405,PM10,142.49,江苏省,是,7099135.0,7079.8,亚热带季风气候,华东
盐城,201405,PM2.5,79.12,江苏省,是,7099135.0,7079.8,亚热带季风气候,华东
盐城,201405,SO2,22.92,江苏省,是,7099135.0,7079.8,亚热带季风气候,华东
盘锦,201405,AQI,77.69,辽宁省,是,1398633.0,1394.3,温带季风气候,东北
盘锦,201405,CO,1.14,辽宁省,是,1398633.0,1394.3,温带季风气候,东北
盘锦,201405,NO2,28.31,辽宁省,是,1398633.0,1394.3,温带季风气候,东北
盘锦,201405,O3,91.52,辽宁省,是,1398633.0,1394.3,温带季风气候,东北
盘锦,201405,PM10,85.43,辽宁省,是,1398633.0,1394.3,温带季风气候,东北
盘锦,201405,PM2.5,51.21,辽宁省,是,1398633.0,1394.3,温带季风气候,东北
盘锦,201405,SO2,15.43,辽宁省,是,1398633.0,1394.3,温带季风气候,东北
石嘴山,201405,AQI,121.49,宁夏回族自治区,否,1401577.0,354.5,温带大陆性气候,西北
石嘴山,201405,CO,0.63,宁夏回族自治区,否,1401577.0,354.5,温带大陆性气候,西北
石嘴山,201405,NO2,22.94,宁夏回族自治区,否,1401577.0,354.5,温带大陆性气候,西北
石嘴山,201405,O3,95.95,宁夏回族自治区,否,1401577.0,354.5,温带大陆性气候,西北
石嘴山,201405,PM10,172.1,宁夏回族自治区,否,1401577.0,354.5,温带大陆性气候,西北
石嘴山,201405,PM2.5,54.93,宁夏回族自治区,否,1401577.0,354.5,温带大陆性气候,西北
石嘴山,201405,SO2,40.66,宁夏回族自治区,否,1401577.0,354.5,温带大陆性气候,西北
石家庄,201405,AQI,138.1,河北省,否,11284772.0,7100.6,温带季风气候,华北
石家庄,201405,CO,0.78,河北省,否,11284772.0,7100.6,温带季风气候,华北
石家庄,201405,NO2,44.23,河北省,否,11284772.0,7100.6,温带季风气候,华北
石家庄,201405,O3,83.69,河北省,否,11284772.0,7100.6,温带季风气候,华北
石家庄,201405,PM10,209.88,河北省,否,11284772.0,7100.6,温带季风气候,华北
石家庄,201405,PM2.5,83.83,河北省,否,11284772.0,7100.6,温带季风气候,华北
石家庄,201405,SO2,48.12,河北省,否,11284772.0,7100.6,温带季风气候,华北
福州,201405,AQI,60.79,福建省,是,8295481.0,12308.2,亚热带季风气候,华东
福州,201405,CO,1.19,福建省,是,8295481.0,12308.2,亚热带季风气候,华东
福州,201405,NO2,37.14,福建省,是,8295481.0,12308.2,亚热带季风气候,华东
福州,201405,O3,54.07,福建省,是,8295481.0,12308.2,亚热带季风气候,华东
福州,201405,PM10,71.2,福建省,是,8295481.0,12308.2,亚热带季风气候,华东
福州,201405,PM2.5,36.35,福建省,是,8295481.0,12308.2,亚热带季风气候,华东
福州,201405,SO2,6.87,福建省,是,8295481.0,12308.2,亚热带季风气候,华东
秦皇岛,201405,AQI,78.18,河北省,是,3070300.0,2546.9,温带季风气候,华北
秦皇岛,201405,CO,0.87,河北省,是,3070300.0,2546.9,温带季风气候,华北
秦皇岛,201405,NO2,45.77,河北省,是,3070300.0,2546.9,温带季风气候,华北
秦皇岛,201405,O3,59.66,河北省,是,3070300.0,2546.9,温带季风气候,华北
秦皇岛,201405,PM10,105.46,河北省,是,3070300.0,2546.9,温带季风气候,华北
秦皇岛,201405,PM2.5,39.56,河北省,是,3070300.0,2546.9,温带季风气候,华北
秦皇岛,201405,SO2,40.0,河北省,是,3070300.0,2546.9,温带季风气候,华北
章丘,201405,AQI,76.73,山东省,否,1070000.0,540.0,温带季风气候,华东
章丘,201405,CO,1.25,山东省,否,1070000.0,540.0,温带季风气候,华东
章丘,201405,NO2,25.97,山东省,否,1070000.0,540.0,温带季风气候,华东
章丘,201405,O3,112.78,山东省,否,1070000.0,540.0,温带季风气候,华东
章丘,201405,PM10,92.16,山东省,否,1070000.0,540.0,温带季风气候,华东
章丘,201405,PM2.5,43.43,山东省,否,1070000.0,540.0,温带季风气候,华东
章丘,201405,SO2,41.87,山东省,否,1070000.0,540.0,温带季风气候,华东
绍兴,201405,AQI,91.13,浙江省,否,5211700.0,7351.0,亚热带季风气候,华东
绍兴,201405,CO,1.01,浙江省,否,5211700.0,7351.0,亚热带季风气候,华东
绍兴,201405,NO2,38.5,浙江省,否,5211700.0,7351.0,亚热带季风气候,华东
绍兴,201405,O3,106.61,浙江省,否,5211700.0,7351.0,亚热带季风气候,华东
绍兴,201405,PM10,106.73,浙江省,否,5211700.0,7351.0,亚热带季风气候,华东
绍兴,201405,PM2.5,62.97,浙江省,否,5211700.0,7351.0,亚热带季风气候,华东
绍兴,201405,SO2,26.38,浙江省,否,5211700.0,7351.0,亚热带季风气候,华东
绵阳,201405,AQI,97.21,四川省,否,4886731.0,3626.9,亚热带季风气候,西南
绵阳,201405,CO,0.81,四川省,否,4886731.0,3626.9,亚热带季风气候,西南
绵阳,201405,NO2,39.21,四川省,否,4886731.0,3626.9,亚热带季风气候,西南
绵阳,201405,O3,73.54,四川省,否,4886731.0,3626.9,亚热带季风气候,西南
绵阳,201405,PM10,113.25,四川省,否,4886731.0,3626.9,亚热带季风气候,西南
绵阳,201405,PM2.5,70.8,四川省,否,4886731.0,3626.9,亚热带季风气候,西南
绵阳,201405,SO2,14.19,四川省,否,4886731.0,3626.9,亚热带季风气候,西南
聊城,201405,AQI,116.02,山东省,否,5997889.0,2779.9,温带季风气候,华东
聊城,201405,AQI,116.02,山东省,否,5997889.0,2779.9,温带季风气候,华东
聊城,201405,CO,1.8,山东省,否,5997889.0,2779.9,温带季风气候,华东
聊城,201405,CO,1.8,山东省,否,5997889.0,2779.9,温带季风气候,华东
聊城,201405,NO2,39.51,山东省,否,5997889.0,2779.9,温带季风气候,华东
聊城,201405,NO2,39.51,山东省,否,5997889.0,2779.9,温带季风气候,华东
聊城,201405,O3,81.97,山东省,否,5997889.0,2779.9,温带季风气候,华东
聊城,201405,O3,81.97,山东省,否,5997889.0,2779.9,温带季风气候,华东
聊城,201405,PM10,162.67,山东省,否,5997889.0,2779.9,温带季风气候,华东
聊城,201405,PM10,162.67,山东省,否,5997889.0,2779.9,温带季风气候,华东
聊城,201405,PM2.5,76.13,山东省,否,5997889.0,2779.9,温带季风气候,华东
聊城,201405,PM2.5,76.13,山东省,否,5997889.0,2779.9,温带季风气候,华东
聊城,201405,SO2,30.02,山东省,否,5997889.0,2779.9,温带季风气候,华东
聊城,201405,SO2,30.02,山东省,否,5997889.0,2779.9,温带季风气候,华东
肇庆,201405,AQI,55.13,广东省,是,4121855.0,2705.1,亚热带季风气候,华南
肇庆,201405,AQI,55.13,广东省,是,4121855.0,2705.1,亚热带季风气候,华南
肇庆,201405,CO,1.4,广东省,是,4121855.0,2705.1,亚热带季风气候,华南
肇庆,201405,CO,1.4,广东省,是,4121855.0,2705.1,亚热带季风气候,华南
肇庆,201405,NO2,34.26,广东省,是,4121855.0,2705.1,亚热带季风气候,华南
肇庆,201405,NO2,34.26,广东省,是,4121855.0,2705.1,亚热带季风气候,华南
肇庆,201405,O3,50.22,广东省,是,4121855.0,2705.1,亚热带季风气候,华南
肇庆,201405,O3,50.22,广东省,是,4121855.0,2705.1,亚热带季风气候,华南
肇庆,201405,PM10,60.33,广东省,是,4121855.0,2705.1,亚热带季风气候,华南
肇庆,201405,PM10,60.33,广东省,是,4121855.0,2705.1,亚热带季风气候,华南
肇庆,201405,PM2.5,34.93,广东省,是,4121855.0,2705.1,亚热带季风气候,华南
肇庆,201405,PM2.5,34.93,广东省,是,4121855.0,2705.1,亚热带季风气候,华南
肇庆,201405,SO2,24.25,广东省,是,4121855.0,2705.1,亚热带季风气候,华南
肇庆,201405,SO2,24.25,广东省,是,4121855.0,2705.1,亚热带季风气候,华南
胶南,201405,AQI,94.66,山东省,是,846000.0,80.0,温带季风气候,华东
胶南,201405,CO,0.74,山东省,是,846000.0,80.0,温带季风气候,华东
胶南,201405,NO2,25.32,山东省,是,846000.0,80.0,温带季风气候,华东
胶南,201405,O3,107.0,山东省,是,846000.0,80.0,温带季风气候,华东
胶南,201405,PM10,124.44,山东省,是,846000.0,80.0,温带季风气候,华东
胶南,201405,PM2.5,61.23,山东省,是,846000.0,80.0,温带季风气候,华东
胶南,201405,SO2,20.15,山东省,是,846000.0,80.0,温带季风气候,华东
胶州,201405,AQI,101.27,山东省,否,903000.0,955.4,温带季风气候,华东
胶州,201405,CO,0.62,山东省,否,903000.0,955.4,温带季风气候,华东
胶州,201405,NO2,37.96,山东省,否,903000.0,955.4,温带季风气候,华东
胶州,201405,O3,100.3,山东省,否,903000.0,955.4,温带季风气候,华东
胶州,201405,PM10,128.48,山东省,否,903000.0,955.4,温带季风气候,华东
胶州,201405,PM2.5,66.55,山东省,否,903000.0,955.4,温带季风气候,华东
胶州,201405,SO2,26.17,山东省,否,903000.0,955.4,温带季风气候,华东
自贡,201405,AQI,113.93,四川省,否,2345816.0,1115.2,亚热带季风气候,西南
自贡,201405,CO,0.81,四川省,否,2345816.0,1115.2,亚热带季风气候,西南
自贡,201405,NO2,19.01,四川省,否,2345816.0,1115.2,亚热带季风气候,西南
自贡,201405,O3,19.85,四川省,否,2345816.0,1115.2,亚热带季风气候,西南
自贡,201405,PM10,135.95,四川省,否,2345816.0,1115.2,亚热带季风气候,西南
自贡,201405,PM2.5,82.96,四川省,否,2345816.0,1115.2,亚热带季风气候,西南
自贡,201405,SO2,15.09,四川省,否,2345816.0,1115.2,亚热带季风气候,西南
舟山,201405,AQI,65.39,浙江省,是,1170900.0,1560.4,亚热带季风气候,华东
舟山,201405,CO,1.03,浙江省,是,1170900.0,1560.4,亚热带季风气候,华东
舟山,201405,NO2,23.12,浙江省,是,1170900.0,1560.4,亚热带季风气候,华东
舟山,201405,O3,97.57,浙江省,是,1170900.0,1560.4,亚热带季风气候,华东
舟山,201405,PM10,67.0,浙江省,是,1170900.0,1560.4,亚热带季风气候,华东
舟山,201405,PM2.5,44.38,浙江省,是,1170900.0,1560.4,亚热带季风气候,华东
舟山,201405,SO2,9.04,浙江省,是,1170900.0,1560.4,亚热带季风气候,华东
芜湖,201405,AQI,134.16,安徽省,否,3654217.0,3004.5,亚热带季风气候,华东
芜湖,201405,CO,1.14,安徽省,否,3654217.0,3004.5,亚热带季风气候,华东
芜湖,201405,NO2,24.44,安徽省,否,3654217.0,3004.5,亚热带季风气候,华东
芜湖,201405,O3,56.05,安徽省,否,3654217.0,3004.5,亚热带季风气候,华东
芜湖,201405,PM10,167.52,安徽省,否,3654217.0,3004.5,亚热带季风气候,华东
芜湖,201405,PM2.5,100.65,安徽省,否,3654217.0,3004.5,亚热带季风气候,华东
芜湖,201405,SO2,25.39,安徽省,否,3654217.0,3004.5,亚热带季风气候,华东
苏州,201405,AQI,117.4,江苏省,否,12749106.0,23958.3,亚热带季风气候,华东
苏州,201405,CO,0.93,江苏省,否,12749106.0,23958.3,亚热带季风气候,华东
苏州,201405,NO2,48.88,江苏省,否,12749106.0,23958.3,亚热带季风气候,华东
苏州,201405,O3,89.77,江苏省,否,12749106.0,23958.3,亚热带季风气候,华东
苏州,201405,PM10,133.38,江苏省,否,12749106.0,23958.3,亚热带季风气候,华东
苏州,201405,PM2.5,85.5,江苏省,否,12749106.0,23958.3,亚热带季风气候,华东
苏州,201405,SO2,21.93,江苏省,否,12749106.0,23958.3,亚热带季风气候,华东
茂名,201405,AQI,33.81,广东省,是,5790468.0,3904.6,亚热带季风气候,华南
茂名,201405,CO,0.71,广东省,是,5790468.0,3904.6,亚热带季风气候,华南
茂名,201405,NO2,11.54,广东省,是,5790468.0,3904.6,亚热带季风气候,华南
茂名,201405,O3,46.16,广东省,是,5790468.0,3904.6,亚热带季风气候,华南
茂名,201405,PM10,33.73,广东省,是,5790468.0,3904.6,亚热带季风气候,华南
茂名,201405,PM2.5,17.62,广东省,是,5790468.0,3904.6,亚热带季风气候,华南
茂名,201405,SO2,13.4,广东省,是,5790468.0,3904.6,亚热带季风气候,华南
荆州,201405,AQI,162.46,湖北省,否,3440020.0,3008.6,亚热带季风气候,华中
荆州,201405,CO,1.44,湖北省,否,3440020.0,3008.6,亚热带季风气候,华中
荆州,201405,NO2,44.5,湖北省,否,3440020.0,3008.6,亚热带季风气候,华中
荆州,201405,O3,60.45,湖北省,否,3440020.0,3008.6,亚热带季风气候,华中
荆州,201405,PM10,217.26,湖北省,否,3440020.0,3008.6,亚热带季风气候,华中
荆州,201405,PM2.5,120.75,湖北省,否,3440020.0,3008.6,亚热带季风气候,华中
荆州,201405,SO2,28.33,湖北省,否,3440020.0,3008.6,亚热带季风气候,华中
荣成,201405,AQI,77.54,山东省,是,658103.0,415.0,温带季风气候,华东
荣成,201405,CO,0.26,山东省,是,658103.0,415.0,温带季风气候,华东
荣成,201405,NO2,19.13,山东省,是,658103.0,415.0,温带季风气候,华东
荣成,201405,O3,122.55,山东省,是,658103.0,415.0,温带季风气候,华东
荣成,201405,PM10,97.83,山东省,是,658103.0,415.0,温带季风气候,华东
荣成,201405,PM2.5,45.72,山东省,是,658103.0,415.0,温带季风气候,华东
荣成,201405,SO2,24.73,山东省,是,658103.0,415.0,温带季风气候,华东
莱州,201405,AQI,107.68,山东省,否,902000.0,720.5,温带季风气候,华东
莱州,201405,CO,0.66,山东省,否,902000.0,720.5,温带季风气候,华东
莱州,201405,NO2,31.65,山东省,否,902000.0,720.5,温带季风气候,华东
莱州,201405,O3,109.4,山东省,否,902000.0,720.5,温带季风气候,华东
莱州,201405,PM10,159.56,山东省,否,902000.0,720.5,温带季风气候,华东
莱州,201405,PM2.5,60.81,山东省,否,902000.0,720.5,温带季风气候,华东
莱州,201405,SO2,40.53,山东省,否,902000.0,720.5,温带季风气候,华东
莱西,201405,AQI,86.94,山东省,否,743000.0,452.8,温带季风气候,华东
莱西,201405,CO,0.56,山东省,否,743000.0,452.8,温带季风气候,华东
莱西,201405,NO2,31.92,山东省,否,743000.0,452.8,温带季风气候,华东
莱西,201405,O3,119.45,山东省,否,743000.0,452.8,温带季风气候,华东
莱西,201405,PM10,84.53,山东省,否,743000.0,452.8,温带季风气候,华东
莱西,201405,PM2.5,60.52,山东省,否,743000.0,452.8,温带季风气候,华东
莱西,201405,SO2,19.07,山东省,否,743000.0,452.8,温带季风气候,华东
菏泽,201405,AQI,116.91,山东省,否,8839138.0,4205.3,温带季风气候,华东
菏泽,201405,CO,1.23,山东省,否,8839138.0,4205.3,温带季风气候,华东
菏泽,201405,NO2,29.11,山东省,否,8839138.0,4205.3,温带季风气候,华东
菏泽,201405,O3,107.23,山东省,否,8839138.0,4205.3,温带季风气候,华东
菏泽,201405,PM10,169.3,山东省,否,8839138.0,4205.3,温带季风气候,华东
菏泽,201405,PM2.5,73.43,山东省,否,8839138.0,4205.3,温带季风气候,华东
菏泽,201405,SO2,43.39,山东省,否,8839138.0,4205.3,温带季风气候,华东
营口,201405,AQI,64.62,辽宁省,是,1872261.0,1431.6,温带季风气候,东北
营口,201405,CO,1.04,辽宁省,是,1872261.0,1431.6,温带季风气候,东北
营口,201405,NO2,33.34,辽宁省,是,1872261.0,1431.6,温带季风气候,东北
营口,201405,O3,97.01,辽宁省,是,1872261.0,1431.6,温带季风气候,东北
营口,201405,PM10,77.23,辽宁省,是,1872261.0,1431.6,温带季风气候,东北
营口,201405,PM2.5,35.19,辽宁省,是,1872261.0,1431.6,温带季风气候,东北
营口,201405,SO2,17.87,辽宁省,是,1872261.0,1431.6,温带季风气候,东北
葫芦岛,201405,AQI,87.84,辽宁省,是,2428056.0,1237.5,温带季风气候,东北
葫芦岛,201405,CO,1.07,辽宁省,是,2428056.0,1237.5,温带季风气候,东北
葫芦岛,201405,NO2,43.71,辽宁省,是,2428056.0,1237.5,温带季风气候,东北
葫芦岛,201405,O3,77.96,辽宁省,是,2428056.0,1237.5,温带季风气候,东北
葫芦岛,201405,PM10,113.76,辽宁省,是,2428056.0,1237.5,温带季风气候,东北
葫芦岛,201405,PM2.5,53.55,辽宁省,是,2428056.0,1237.5,温带季风气候,东北
葫芦岛,201405,SO2,31.39,辽宁省,是,2428056.0,1237.5,温带季风气候,东北
蓬莱,201405,AQI,83.68,山东省,是,450000.0,300.0,温带季风气候,华东
蓬莱,201405,CO,1.1,山东省,是,450000.0,300.0,温带季风气候,华东
蓬莱,201405,NO2,44.97,山东省,是,450000.0,300.0,温带季风气候,华东
蓬莱,201405,O3,109.0,山东省,是,450000.0,300.0,温带季风气候,华东
蓬莱,201405,PM10,109.22,山东省,是,450000.0,300.0,温带季风气候,华东
蓬莱,201405,PM2.5,51.17,山东省,是,450000.0,300.0,温带季风气候,华东
蓬莱,201405,SO2,19.46,山东省,是,450000.0,300.0,温带季风气候,华东
衡水,201405,AQI,148.43,河北省,否,4203435.0,1720.6,温带季风气候,华北
衡水,201405,CO,0.77,河北省,否,4203435.0,1720.6,温带季风气候,华北
衡水,201405,NO2,37.03,河北省,否,4203435.0,1720.6,温带季风气候,华北
衡水,201405,O3,118.11,河北省,否,4203435.0,1720.6,温带季风气候,华北
衡水,201405,PM10,229.75,河北省,否,4203435.0,1720.6,温带季风气候,华北
衡水,201405,PM2.5,72.72,河北省,否,4203435.0,1720.6,温带季风气候,华北
衡水,201405,SO2,34.64,河北省,否,4203435.0,1720.6,温带季风气候,华北
衢州,201405,AQI,78.85,浙江省,否,2185100.0,1135.3,亚热带季风气候,华东
衢州,201405,CO,0.68,浙江省,否,2185100.0,1135.3,亚热带季风气候,华东
衢州,201405,NO2,26.57,浙江省,否,2185100.0,1135.3,亚热带季风气候,华东
衢州,201405,O3,60.12,浙江省,否,2185100.0,1135.3,亚热带季风气候,华东
衢州,201405,PM10,87.19,浙江省,否,2185100.0,1135.3,亚热带季风气候,华东
衢州,201405,PM2.5,55.54,浙江省,否,2185100.0,1135.3,亚热带季风气候,华东
衢州,201405,SO2,18.98,浙江省,否,2185100.0,1135.3,亚热带季风气候,华东
西宁,201405,AQI,82.96,青海省,否,2468552.0,1447.5,高原高寒气候,西北
西宁,201405,CO,0.9,青海省,否,2468552.0,1447.5,高原高寒气候,西北
西宁,201405,NO2,32.07,青海省,否,2468552.0,1447.5,高原高寒气候,西北
西宁,201405,O3,69.81,青海省,否,2468552.0,1447.5,高原高寒气候,西北
西宁,201405,PM10,107.09,青海省,否,2468552.0,1447.5,高原高寒气候,西北
西宁,201405,PM2.5,50.83,青海省,否,2468552.0,1447.5,高原高寒气候,西北
西宁,201405,SO2,41.12,青海省,否,2468552.0,1447.5,高原高寒气候,西北
西安,201405,AQI,99.12,陕西省,否,12947563.0,11486.5,温带季风气候,西北
西安,201405,CO,1.59,陕西省,否,12947563.0,11486.5,温带季风气候,西北
西安,201405,NO2,31.44,陕西省,否,12947563.0,11486.5,温带季风气候,西北
西安,201405,O3,46.26,陕西省,否,12947563.0,11486.5,温带季风气候,西北
西安,201405,PM10,144.31,陕西省,否,12947563.0,11486.5,温带季风气候,西北
西安,201405,PM2.5,56.4,陕西省,否,12947563.0,11486.5,温带季风气候,西北
西安,201405,SO2,14.44,陕西省,否,12947563.0,11486.5,温带季风气候,西北
诸暨,201405,AQI,83.13,浙江省,否,1163000.0,1202.5,亚热带季风气候,华东
诸暨,201405,CO,1.1,浙江省,否,1163000.0,1202.5,亚热带季风气候,华东
诸暨,201405,NO2,32.69,浙江省,否,1163000.0,1202.5,亚热带季风气候,华东
诸暨,201405,O3,79.47,浙江省,否,1163000.0,1202.5,亚热带季风气候,华东
诸暨,201405,PM10,102.33,浙江省,否,1163000.0,1202.5,亚热带季风气候,华东
诸暨,201405,PM2.5,55.77,浙江省,否,1163000.0,1202.5,亚热带季风气候,华东
诸暨,201405,SO2,14.49,浙江省,否,1163000.0,1202.5,亚热带季风气候,华东
贵阳,201405,AQI,75.92,贵州省,否,5961940.0,4921.2,亚热带季风气候,西南
贵阳,201405,CO,0.83,贵州省,否,5961940.0,4921.2,亚热带季风气候,西南
贵阳,201405,NO2,30.24,贵州省,否,5961940.0,4921.2,亚热带季风气候,西南
贵阳,201405,O3,47.27,贵州省,否,5961940.0,4921.2,亚热带季风气候,西南
贵阳,201405,PM10,87.48,贵州省,否,5961940.0,4921.2,亚热带季风气候,西南
贵阳,201405,PM2.5,52.64,贵州省,否,5961940.0,4921.2,亚热带季风气候,西南
贵阳,201405,SO2,18.74,贵州省,否,5961940.0,4921.2,亚热带季风气候,西南
赤峰,201405,AQI,79.51,内蒙古自治区,否,3418663.0,1682.8,温带大陆性气候,华北
赤峰,201405,CO,0.81,内蒙古自治区,否,3418663.0,1682.8,温带大陆性气候,华北
赤峰,201405,NO2,21.44,内蒙古自治区,否,3418663.0,1682.8,温带大陆性气候,华北
赤峰,201405,O3,62.7,内蒙古自治区,否,3418663.0,1682.8,温带大陆性气候,华北
赤峰,201405,PM10,108.26,内蒙古自治区,否,3418663.0,1682.8,温带大陆性气候,华北
赤峰,201405,PM2.5,28.07,内蒙古自治区,否,3418663.0,1682.8,温带大陆性气候,华北
赤峰,201405,SO2,24.6,内蒙古自治区,否,3418663.0,1682.8,温带大陆性气候,华北
连云港,201405,AQI,112.73,江苏省,是,4502857.0,4005.0,亚热带季风气候,华东
连云港,201405,CO,0.87,江苏省,是,4502857.0,4005.0,亚热带季风气候,华东
连云港,201405,NO2,37.01,江苏省,是,4502857.0,4005.0,亚热带季风气候,华东
连云港,201405,O3,119.94,江苏省,是,4502857.0,4005.0,亚热带季风气候,华东
连云港,201405,PM10,146.53,江苏省,是,4502857.0,4005.0,亚热带季风气候,华东
连云港,201405,PM2.5,73.98,江苏省,是,4502857.0,4005.0,亚热带季风气候,华东
连云港,201405,SO2,30.93,江苏省,是,4502857.0,4005.0,亚热带季风气候,华东
遵义,201405,AQI,79.63,贵州省,否,6629345.0,4401.3,亚热带季风气候,西南
遵义,201405,CO,0.62,贵州省,否,6629345.0,4401.3,亚热带季风气候,西南
遵义,201405,NO2,33.77,贵州省,否,6629345.0,4401.3,亚热带季风气候,西南
遵义,201405,O3,38.82,贵州省,否,6629345.0,4401.3,亚热带季风气候,西南
遵义,201405,PM10,92.29,贵州省,否,6629345.0,4401.3,亚热带季风气候,西南
遵义,201405,PM2.5,56.67,贵州省,否,6629345.0,4401.3,亚热带季风气候,西南
遵义,201405,SO2,14.14,贵州省,否,6629345.0,4401.3,亚热带季风气候,西南
邢台,201405,AQI,148.73,河北省,否,7072672.0,4346.3,温带季风气候,华北
邢台,201405,CO,1.33,河北省,否,7072672.0,4346.3,温带季风气候,华北
邢台,201405,NO2,64.08,河北省,否,7072672.0,4346.3,温带季风气候,华北
邢台,201405,O3,78.37,河北省,否,7072672.0,4346.3,温带季风气候,华北
邢台,201405,PM10,228.6,河北省,否,7072672.0,4346.3,温带季风气候,华北
邢台,201405,PM2.5,86.58,河北省,否,7072672.0,4346.3,温带季风气候,华北
邢台,201405,SO2,67.66,河北省,否,7072672.0,4346.3,温带季风气候,华北
邯郸,201405,AQI,124.07,河北省,否,9151278.0,4388.2,温带季风气候,华北
邯郸,201405,CO,1.53,河北省,否,9151278.0,4388.2,温带季风气候,华北
邯郸,201405,NO2,57.89,河北省,否,9151278.0,4388.2,温带季风气候,华北
邯郸,201405,O3,87.95,河北省,否,9151278.0,4388.2,温带季风气候,华北
邯郸,201405,PM10,188.19,河北省,否,9151278.0,4388.2,温带季风气候,华北
邯郸,201405,PM2.5,67.97,河北省,否,9151278.0,4388.2,温带季风气候,华北
邯郸,201405,SO2,57.05,河北省,否,9151278.0,4388.2,温带季风气候,华北
郑州,201405,AQI,115.13,河南省,否,12655300.0,12934.7,温带季风气候,华中
郑州,201405,CO,1.62,河南省,否,12655300.0,12934.7,温带季风气候,华中
郑州,201405,NO2,47.48,河南省,否,12655300.0,12934.7,温带季风气候,华中
郑州,201405,O3,49.41,河南省,否,12655300.0,12934.7,温带季风气候,华中
郑州,201405,PM10,157.92,河南省,否,12655300.0,12934.7,温带季风气候,华中
郑州,201405,PM2.5,78.99,河南省,否,12655300.0,12934.7,温带季风气候,华中
郑州,201405,SO2,39.36,河南省,否,12655300.0,12934.7,温带季风气候,华中
鄂尔多斯,201405,AQI,93.53,内蒙古自治区,否,2336487.0,5613.4,温带大陆性气候,华北
鄂尔多斯,201405,CO,0.6,内蒙古自治区,否,2336487.0,5613.4,温带大陆性气候,华北
鄂尔多斯,201405,NO2,18.79,内蒙古自治区,否,2336487.0,5613.4,温带大陆性气候,华北
鄂尔多斯,201405,O3,111.93,内蒙古自治区,否,2336487.0,5613.4,温带大陆性气候,华北
鄂尔多斯,201405,PM10,128.78,内蒙古自治区,否,2336487.0,5613.4,温带大陆性气候,华北
鄂尔多斯,201405,PM2.5,40.07,内蒙古自治区,否,2336487.0,5613.4,温带大陆性气候,华北
鄂尔多斯,201405,SO2,14.05,内蒙古自治区,否,2336487.0,5613.4,温带大陆性气候,华北
重庆,201405,AQI,70.8,重庆市,否,32054159.0,29129.0,亚热带季风气候,西南
重庆,201405,CO,1.07,重庆市,否,32054159.0,29129.0,亚热带季风气候,西南
重庆,201405,NO2,35.58,重庆市,否,32054159.0,29129.0,亚热带季风气候,西南
重庆,201405,O3,37.3,重庆市,否,32054159.0,29129.0,亚热带季风气候,西南
重庆,201405,PM10,86.29,重庆市,否,32054159.0,29129.0,亚热带季风气候,西南
重庆,201405,PM2.5,48.56,重庆市,否,32054159.0,29129.0,亚热带季风气候,西南
重庆,201405,SO2,19.13,重庆市,否,32054159.0,29129.0,亚热带季风气候,西南
金华,201405,AQI,82.61,浙江省,否,5602253.0,5562.5,亚热带季风气候,华东
金华,201405,CO,0.86,浙江省,否,5602253.0,5562.5,亚热带季风气候,华东
金华,201405,NO2,26.33,浙江省,否,5602253.0,5562.5,亚热带季风气候,华东
金华,201405,O3,79.56,浙江省,否,5602253.0,5562.5,亚热带季风气候,华东
金华,201405,PM10,84.02,浙江省,否,5602253.0,5562.5,亚热带季风气候,华东
金华,201405,PM2.5,59.77,浙江省,否,5602253.0,5562.5,亚热带季风气候,华东
金华,201405,SO2,23.7,浙江省,否,5602253.0,5562.5,亚热带季风气候,华东
金坛,201405,AQI,112.64,江苏省,否,553000.0,420.0,亚热带季风气候,华东
金坛,201405,CO,1.4,江苏省,否,553000.0,420.0,亚热带季风气候,华东
金坛,201405,NO2,41.01,江苏省,否,553000.0,420.0,亚热带季风气候,华东
金坛,201405,O3,118.96,江苏省,否,553000.0,420.0,亚热带季风气候,华东
金坛,201405,PM10,132.42,江苏省,否,553000.0,420.0,亚热带季风气候,华东
金坛,201405,PM2.5,78.6,江苏省,否,553000.0,420.0,亚热带季风气候,华东
金坛,201405,SO2,33.93,江苏省,否,553000.0,420.0,亚热带季风气候,华东
金昌,201405,AQI,91.49,甘肃省,否,464734.0,522.5,温带大陆性气候,西北
金昌,201405,CO,0.9,甘肃省,否,464734.0,522.5,温带大陆性气候,西北
金昌,201405,NO2,13.12,甘肃省,否,464734.0,522.5,温带大陆性气候,西北
金昌,201405,O3,106.22,甘肃省,否,464734.0,522.5,温带大陆性气候,西北
金昌,201405,PM10,128.48,甘肃省,否,464734.0,522.5,温带大陆性气候,西北
金昌,201405,PM2.5,33.42,甘肃省,否,464734.0,522.5,温带大陆性气候,西北
金昌,201405,SO2,24.61,甘肃省,否,464734.0,522.5,温带大陆性气候,西北
铜川,201405,AQI,100.76,陕西省,否,771414.0,698.3,温带季风气候,西北
铜川,201405,CO,1.19,陕西省,否,771414.0,698.3,温带季风气候,西北
铜川,201405,NO2,32.21,陕西省,否,771414.0,698.3,温带季风气候,西北
铜川,201405,O3,82.28,陕西省,否,771414.0,698.3,温带季风气候,西北
铜川,201405,PM10,129.42,陕西省,否,771414.0,698.3,温带季风气候,西北
铜川,201405,PM2.5,106.3,陕西省,否,771414.0,698.3,温带季风气候,西北
铜川,201405,SO2,14.09,陕西省,否,771414.0,698.3,温带季风气候,西北
银川,201405,AQI,74.94,宁夏回族自治区,否,2825706.0,2535.6,温带大陆性气候,西北
银川,201405,CO,1.4,宁夏回族自治区,否,2825706.0,2535.6,温带大陆性气候,西北
银川,201405,NO2,35.8,宁夏回族自治区,否,2825706.0,2535.6,温带大陆性气候,西北
银川,201405,O3,84.3,宁夏回族自治区,否,2825706.0,2535.6,温带大陆性气候,西北
银川,201405,PM10,97.12,宁夏回族自治区,否,2825706.0,2535.6,温带大陆性气候,西北
银川,201405,PM2.5,33.16,宁夏回族自治区,否,2825706.0,2535.6,温带大陆性气候,西北
银川,201405,SO2,17.02,宁夏回族自治区,否,2825706.0,2535.6,温带大陆性气候,西北
锦州,201405,AQI,86.89,辽宁省,是,3017000.0,1237.5,温带季风气候,东北
锦州,201405,CO,0.94,辽宁省,是,3017000.0,1237.5,温带季风气候,东北
锦州,201405,NO2,43.27,辽宁省,是,3017000.0,1237.5,温带季风气候,东北
锦州,201405,O3,95.64,辽宁省,是,3017000.0,1237.5,温带季风气候,东北
锦州,201405,PM10,99.39,辽宁省,是,3017000.0,1237.5,温带季风气候,东北
锦州,201405,PM2.5,54.12,辽宁省,是,3017000.0,1237.5,温带季风气候,东北
锦州,201405,SO2,34.84,辽宁省,是,3017000.0,1237.5,温带季风气候,东北
镇江,201405,AQI,137.75,江苏省,否,3115912.0,5017.0,亚热带季风气候,华东
镇江,201405,CO,1.21,江苏省,否,3115912.0,5017.0,亚热带季风气候,华东
镇江,201405,NO2,50.28,江苏省,否,3115912.0,5017.0,亚热带季风气候,华东
镇江,201405,O3,83.76,江苏省,否,3115912.0,5017.0,亚热带季风气候,华东
镇江,201405,PM10,188.67,江苏省,否,3115912.0,5017.0,亚热带季风气候,华东
镇江,201405,PM2.5,84.76,江苏省,否,3115912.0,5017.0,亚热带季风气候,华东
镇江,201405,SO2,33.1,江苏省,否,3115912.0,5017.0,亚热带季风气候,华东
长春,201405,AQI,61.98,吉林省,否,6744562.0,6744.6,温带季风气候,东北
长春,201405,CO,0.68,吉林省,否,6744562.0,6744.6,温带季风气候,东北
长春,201405,NO2,45.32,吉林省,否,6744562.0,6744.6,温带季风气候,东北
长春,201405,O3,60.38,吉林省,否,6744562.0,6744.6,温带季风气候,东北
长春,201405,PM10,76.4,吉林省,否,6744562.0,6744.6,温带季风气候,东北
长春,201405,PM2.5,32.81,吉林省,否,6744562.0,6744.6,温带季风气候,东北
长春,201405,SO2,12.29,吉林省,否,6744562.0,6744.6,温带季风气候,东北
长沙,201405,AQI,103.67,湖南省,否,10047914.0,13966.1,亚热带季风气候,华中
长沙,201405,CO,1.01,湖南省,否,10047914.0,13966.1,亚热带季风气候,华中
长沙,201405,NO2,36.96,湖南省,否,10047914.0,13966.1,亚热带季风气候,华中
长沙,201405,O3,37.83,湖南省,否,10047914.0,13966.1,亚热带季风气候,华中
长沙,201405,PM10,117.55,湖南省,否,10047914.0,13966.1,亚热带季风气候,华中
长沙,201405,PM2.5,75.14,湖南省,否,10047914.0,13966.1,亚热带季风气候,华中
长沙,201405,SO2,19.04,湖南省,否,10047914.0,13966.1,亚热带季风气候,华中
长治,201405,AQI,91.67,山西省,否,3231870.0,2804.8,温带季风气候,华北
长治,201405,CO,1.91,山西省,否,3231870.0,2804.8,温带季风气候,华北
长治,201405,NO2,35.16,山西省,否,3231870.0,2804.8,温带季风气候,华北
长治,201405,O3,62.4,山西省,否,3231870.0,2804.8,温带季风气候,华北
长治,201405,PM10,132.19,山西省,否,3231870.0,2804.8,温带季风气候,华北
长治,201405,PM2.5,45.99,山西省,否,3231870.0,2804.8,温带季风气候,华北
长治,201405,SO2,35.05,山西省,否,3231870.0,2804.8,温带季风气候,华北
阳江,201405,AQI,29.75,广东省,是,2639570.0,1280.0,亚热带季风气候,华南
阳江,201405,CO,0.95,广东省,是,2639570.0,1280.0,亚热带季风气候,华南
阳江,201405,NO2,7.65,广东省,是,2639570.0,1280.0,亚热带季风气候,华南
阳江,201405,O3,35.67,广东省,是,2639570.0,1280.0,亚热带季风气候,华南
阳江,201405,PM10,29.35,广东省,是,2639570.0,1280.0,亚热带季风气候,华南
阳江,201405,PM2.5,15.62,广东省,是,2639570.0,1280.0,亚热带季风气候,华南
阳江,201405,SO2,5.09,广东省,是,2639570.0,1280.0,亚热带季风气候,华南
阳泉,201405,AQI,107.0,山西省,否,1340088.0,722.6,温带季风气候,华北
阳泉,201405,CO,0.91,山西省,否,1340088.0,722.6,温带季风气候,华北
阳泉,201405,NO2,28.85,山西省,否,1340088.0,722.6,温带季风气候,华北
阳泉,201405,O3,58.67,山西省,否,1340088.0,722.6,温带季风气候,华北
阳泉,201405,PM10,160.23,山西省,否,1340088.0,722.6,温带季风气候,华北
阳泉,201405,PM2.5,56.69,山西省,否,1340088.0,722.6,温带季风气候,华北
阳泉,201405,SO2,35.6,山西省,否,1340088.0,722.6,温带季风气候,华北
青岛,201405,AQI,95.52,山东省,是,10071629.0,14920.8,温带季风气候,华东
青岛,201405,CO,0.7,山东省,是,10071629.0,14920.8,温带季风气候,华东
青岛,201405,NO2,37.05,山东省,是,10071629.0,14920.8,温带季风气候,华东
青岛,201405,O3,115.36,山东省,是,10071629.0,14920.8,温带季风气候,华东
青岛,201405,PM10,134.55,山东省,是,10071629.0,14920.8,温带季风气候,华东
青岛,201405,PM2.5,60.04,山东省,是,10071629.0,14920.8,温带季风气候,华东
青岛,201405,SO2,26.28,山东省,是,10071629.0,14920.8,温带季风气候,华东
鞍山,201405,AQI,91.16,辽宁省,否,3480000.0,1503.5,温带季风气候,东北
鞍山,201405,CO,1.57,辽宁省,否,3480000.0,1503.5,温带季风气候,东北
鞍山,201405,NO2,35.76,辽宁省,否,3480000.0,1503.5,温带季风气候,东北
鞍山,201405,O3,88.25,辽宁省,否,3480000.0,1503.5,温带季风气候,东北
鞍山,201405,PM10,121.66,辽宁省,否,3480000.0,1503.5,温带季风气候,东北
鞍山,201405,PM2.5,59.0,辽宁省,否,3480000.0,1503.5,温带季风气候,东北
鞍山,201405,SO2,24.55,辽宁省,否,3480000.0,1503.5,温带季风气候,东北
韶关,201405,AQI,43.32,广东省,否,2855131.0,738.7,亚热带季风气候,华南
韶关,201405,CO,1.56,广东省,否,2855131.0,738.7,亚热带季风气候,华南
韶关,201405,NO2,22.56,广东省,否,2855131.0,738.7,亚热带季风气候,华南
韶关,201405,O3,43.5,广东省,否,2855131.0,738.7,亚热带季风气候,华南
韶关,201405,PM10,42.64,广东省,否,2855131.0,738.7,亚热带季风气候,华南
韶关,201405,PM2.5,29.3,广东省,否,2855131.0,738.7,亚热带季风气候,华南
韶关,201405,SO2,24.7,广东省,否,2855131.0,738.7,亚热带季风气候,华南
马鞍山,201405,AQI,140.95,安徽省,否,2321105.0,1911.4,亚热带季风气候,华东
马鞍山,201405,CO,1.53,安徽省,否,2321105.0,1911.4,亚热带季风气候,华东
马鞍山,201405,NO2,28.69,安徽省,否,2321105.0,1911.4,亚热带季风气候,华东
马鞍山,201405,O3,61.05,安徽省,否,2321105.0,1911.4,亚热带季风气候,华东
马鞍山,201405,PM10,190.66,安徽省,否,2321105.0,1911.4,亚热带季风气候,华东
马鞍山,201405,PM2.5,98.5,安徽省,否,2321105.0,1911.4,亚热带季风气候,华东
马鞍山,201405,SO2,30.95,安徽省,否,2321105.0,1911.4,亚热带季风气候,华东
齐齐哈尔,201405,AQI,36.04,黑龙江省,否,4067489.0,1318.0,温带季风气候,东北
齐齐哈尔,201405,CO,0.64,黑龙江省,否,4067489.0,1318.0,温带季风气候,东北
齐齐哈尔,201405,NO2,17.69,黑龙江省,否,4067489.0,1318.0,温带季风气候,东北
齐齐哈尔,201405,O3,52.14,黑龙江省,否,4067489.0,1318.0,温带季风气候,东北
齐齐哈尔,201405,PM10,37.4,黑龙江省,否,4067489.0,1318.0,温带季风气候,东北
齐齐哈尔,201405,PM2.5,12.81,黑龙江省,否,4067489.0,1318.0,温带季风气候,东北
齐齐哈尔,201405,SO2,7.08,黑龙江省,否,4067489.0,1318.0,温带季风气候,东北
三亚,201406,AQI,26.27,海南省,是,1035118.0,673.1,热带季风气候,华南
三亚,201406,CO,0.53,海南省,是,1035118.0,673.1,热带季风气候,华南
三亚,201406,NO2,15.06,海南省,是,1035118.0,673.1,热带季风气候,华南
三亚,201406,O3,43.89,海南省,是,1035118.0,673.1,热带季风气候,华南
三亚,201406,PM10,25.36,海南省,是,1035118.0,673.1,热带季风气候,华南
三亚,201406,PM2.5,11.67,海南省,是,1035118.0,673.1,热带季风气候,华南
三亚,201406,SO2,2.65,海南省,是,1035118.0,673.1,热带季风气候,华南
三门峡,201406,AQI,102.05,河南省,否,2237479.0,1676.4,温带季风气候,华中
三门峡,201406,CO,1.45,河南省,否,2237479.0,1676.4,温带季风气候,华中
三门峡,201406,NO2,26.84,河南省,否,2237479.0,1676.4,温带季风气候,华中
三门峡,201406,O3,101.52,河南省,否,2237479.0,1676.4,温带季风气候,华中
三门峡,201406,PM10,119.84,河南省,否,2237479.0,1676.4,温带季风气候,华中
三门峡,201406,PM2.5,69.94,河南省,否,2237479.0,1676.4,温带季风气候,华中
三门峡,201406,SO2,41.79,河南省,否,2237479.0,1676.4,温带季风气候,华中
上海,201406,AQI,62.3,上海市,是,24870895.0,44652.8,亚热带季风气候,华东
上海,201406,CO,0.72,上海市,是,24870895.0,44652.8,亚热带季风气候,华东
上海,201406,NO2,36.69,上海市,是,24870895.0,44652.8,亚热带季风气候,华东
上海,201406,O3,81.93,上海市,是,24870895.0,44652.8,亚热带季风气候,华东
上海,201406,PM10,58.97,上海市,是,24870895.0,44652.8,亚热带季风气候,华东
上海,201406,PM2.5,43.97,上海市,是,24870895.0,44652.8,亚热带季风气候,华东
上海,201406,SO2,11.36,上海市,是,24870895.0,44652.8,亚热带季风气候,华东

